"id","legislative_session:number","motion:title","start_date","start_time"
"4518",18,"Pokusné hlasování","2001-09-25","07:36:05"
"4519",18,"Pokusné hlasování","2001-09-25","08:26:19"
"4520",18,"Pokusné hlasování","2001-09-25","08:30:17"
"4521",18," ","2001-09-25","08:38:34"
"4522",18,"Program","2001-09-25","08:40:00"
"4523",18,"Program","2001-09-25","08:42:18"
"4524",18,"Komise návrhová","2001-09-25","08:43:50"
"4525",18,"Komise návrhová","2001-09-25","08:45:11"
"4526",18,"Komise návrhová","2001-09-25","08:46:35"
"4527",18,"Zona nošovice-p.Recman","2001-09-25","09:08:42"
"4528",18,"Vystoupení","2001-09-25","09:59:12"
"4529",18,"Rozpočet-N-Ing.Richtrová","2001-09-25","10:24:55"
"4530",18,"Rozpočet-N-Ing.Richtrová-2","2001-09-25","10:25:44"
"4531",18,"Rozpočet-N-Ing.Pavlík","2001-09-25","10:27:06"
"4532",18,"Rozpočet-N-Ing.Pavlík-2","2001-09-25","10:28:34"
"4533",18,"Rozpočet-celek","2001-09-25","10:29:31"
"4534",18,"4a1","2001-09-25","11:05:03"
"4535",18,"4b","2001-09-25","11:07:59"
"4536",18,"4c","2001-09-25","11:10:30"
"4537",18,"4d","2001-09-25","11:11:54"
"4538",18,"4e","2001-09-25","11:13:19"
"4539",18,"4f","2001-09-25","11:14:37"
"4540",18,"4g","2001-09-25","11:16:04"
"4541",18,"4g-dodatek","2001-09-25","11:17:53"
"4542",18,"4h","2001-09-25","11:19:27"
"4543",18,"4i","2001-09-25","11:20:31"
"4544",18,"4j","2001-09-25","11:21:46"
"4545",18,"4k","2001-09-25","11:22:48"
"4546",18,"4l","2001-09-25","11:24:26"
"4547",18,"4m","2001-09-25","11:26:34"
"4548",18,"4n","2001-09-25","11:27:46"
"4549",18,"4o-a","2001-09-25","11:29:24"
"4550",18,"4p","2001-09-25","11:32:41"
"4551",18,"4r","2001-09-25","11:33:56"
"4552",18,"4s","2001-09-25","11:34:55"
"4553",18," ","2001-09-25","12:18:27"
"4554",18," ","2001-09-25","12:19:46"
"4555",18,"5-majetek-89","2001-09-25","12:24:56"
"4556",18,"5-majetek-67","2001-09-25","12:25:33"
"4557",18,"5-majetek-III.17","2001-09-25","12:26:38"
"4558",18,"5-majetek-54","2001-09-25","12:28:10"
"4559",18,"5-majetek-53","2001-09-25","12:28:51"
"4560",18,"5-majetek-99","2001-09-25","12:29:38"
"4561",18,"5-majetek-celek","2001-09-25","12:30:15"
"4562",18,"5b","2001-09-25","12:34:03"
"4563",18,"5c-N-","2001-09-25","13:23:57"
"4564",18,"5/c Konůpka","2001-09-25","14:44:34"
"4565",18,"5d","2001-09-25","14:46:03"
"4566",18,"5e","2001-09-25","14:54:03"
"4567",18,"6a-Ing.Říman","2001-09-25","15:16:00"
"4568",18,"6a-Ing.Roháč-63","2001-09-25","15:17:19"
"4569",18,"6a-celek","2001-09-25","15:18:22"
"4570",18,"6a-revokace bod 10 a 74","2001-09-25","15:28:31"
"4571",18,"6a-10 a 74","2001-09-25","15:34:59"
"4572",18,"6b-Ing.Chýlek","2001-09-25","16:33:05"
"4573",18,"6b-Ing.Říman","2001-09-25","16:36:37"
"4574",18,"6b-celek","2001-09-25","16:37:45"
"4575",18,"konec diskuse","2001-09-25","17:24:24"
"4576",18,"vystoupení","2001-09-25","17:34:15"
"4577",18,"6c-Ing.Železník-1","2001-09-25","17:41:01"
"4578",18,"6c-Ing.Železník-2","2001-09-25","17:41:35"
"4579",18,"6c-celek","2001-09-25","17:42:31"
"4580",18,"6c-doplňky+celé","2001-09-25","17:44:03"
"4581",18,"7a","2001-09-25","17:58:35"
"4582",18,"dotaz 10 hodin jednání","2001-09-25","17:59:37"
"4583",18,"7b","2001-09-25","18:16:01"
"4584",18,"7c","2001-09-25","18:37:27"
"4585",18,"7d-Ing.Konůpka","2001-09-25","18:55:09"
"4586",18,"8b","2001-09-25","18:56:20"
"4587",18,"8c","2001-09-25","19:27:54"
"4588",18,"doplnění volební komise","2001-09-25","19:30:05"
"4589",18,"typ volby","2001-09-25","19:30:46"
"4590",18,"odvolání","2001-09-25","19:31:33"
"4591",18,"volba člena KV","2001-09-25","19:32:13"
"4592",18,"8e","2001-09-25","19:33:46"
"4599",19," ","2001-12-11","07:34:25"
"45100",19," ","2001-12-11","09:38:33"
"45101",19,"a) Návrh 5. změny rozpočtu města Frýdku-Místku pro rok","2001-12-11","09:46:18"
"45102",19,"a) Návrh 5. změny rozpočtu města Frýdku-Místku pro rok","2001-12-11","10:08:21"
"45103",19,"a) Návrh 5. změny rozpočtu města Frýdku-Místku pro rok","2001-12-11","10:11:35"
"45104",19,"a) Návrh 5. změny rozpočtu města Frýdku-Místku pro rok","2001-12-11","10:12:37"
"45105",19,"a) Návrh 5. změny rozpočtu města Frýdku-Místku pro rok","2001-12-11","10:13:22"
"45106",19,"- p.Kleinwechtr","2001-12-11","10:14:14"
"45107",19,"-.Ing.Konůpka","2001-12-11","10:14:47"
"45108",19,"-.Ing.Konůpka","2001-12-11","10:15:10"
"45109",19,"-.Ing.Konůpka","2001-12-11","10:15:35"
"45110",19,"-Ing.Sehoř","2001-12-11","10:16:15"
"45111",19,"- celek","2001-12-11","10:32:21"
"45112",19,"- celek","2001-12-11","10:33:03"
"45113",19,"b)  Návrh na uzavření smluv o poskytnutí neinvestičních dotací ze                     9.10 - 9.15     ","2001-12-11","10:34:56"
"45114",19,"c)  Návrh na uzavření smluv o poskytnutí neinvestičních dotací a příspěvků           9.15-9.20","2001-12-11","10:35:57"
"45115",19,"d)  Návrh na uzavření smluv o poskytnutí neinvestiční dotace příspěvku                9.20-9.25  ","2001-12-11","10:38:41"
"45116",19," e) Návrh na doplnění účelu poskytnuté neinvestiční dotace z rozpočtu města         9.25-9.30","2001-12-11","10:40:31"
"45117",19," e) Návrh na doplnění účelu poskytnuté neinvestiční dotace z rozpočtu města         9.25-9.30","2001-12-11","10:44:41"
"45118",19,"g)  Dotace z charitativního fondu města Frýdek-Místek                                        9.45 - 9.50","2001-12-11","10:45:30"
"45119",19,"h)  Dotace ze zdravotního fondu města Frýdek-Místek                                       9.50 -  9.55","2001-12-11","10:54:15"
"45120",19,"i) Dotace ze zdravotního fondu města Frýdek-Místek - změna účelu                9.55 - 10.00","2001-12-11","10:55:59"
"45121",19,"- zvlášť body 5 a 9","2001-12-11","11:20:49"
"45122",19,"j)  Smlouvy o poskytnutí neinvestiční a investiční dotace (OSSl)                  10.00 - 10.05","2001-12-11","11:23:32"
"45123",19,"k)  Investiční transfery a neinvestiční příspěvek z fondu životního                10.05 - 10.10","2001-12-11","11:24:26"
"45124",19,"l)  Vyplacení dotace z Fondu regenerace města Frýdek-Místek                      10.10 - 10.15","2001-12-11","11:26:46"
"45125",19,"m) Změna úvěrové smlouvy města Frýdek-Místek /FO/                                  10.15 - 10.20                                                    ","2001-12-11","11:27:59"
"45126",19," n)  Uzavření dodatku č.1 ke ","2001-12-11","11:29:52"
"45127",19," n1) ","2001-12-11","11:31:05"
"45128",19,"n2)","2001-12-11","11:31:57"
"45129",19,"n3)","2001-12-11","11:34:14"
"45130",19,"   n4)","2001-12-11","11:35:24"
"45131",19,"                ","2001-12-11","12:53:58"
"45132",19,"- návrh 1.000.000,- Kč ","2001-12-11","13:05:32"
"45133",19,"  p1","2001-12-11","14:39:02"
"45134",19,"  p1","2001-12-11","14:40:40"
"45135",19,"-rozpočet - Mgr.Rumian","2001-12-11","15:23:13"
"45136",19,"p)   Návrh pravidel rozpočtového provizoria města Frýdku-Místku       10.35 - 11.05","2001-12-11","15:23:39"
"45137",19," r)   Návrh dílčích projektů Programu prevence kriminality na rok 2002     11.05 - 11.15","2001-12-11","15:25:46"
"45138",19,"s)    Návrh na uzavření smluv o poskytnutí neinvestičních dotací z Centra   11.15-11.25","2001-12-11","15:30:41"
"45139",19," t)   Uzavření smluv o poskytnutí dotací z rozpočtu města  na r.2002          11.25 -11.30","2001-12-11","15:31:42"
"45140",19,"            u)   Smlouvy o poskytnutí neinvestiční dotace na rok 2002 /OSSl)             11.30-11.35","2001-12-11","15:34:10"
"45141",19,"v) - změna programu","2001-12-11","15:35:51"
"45142",19,"- dodatek ke smlouvě SOU Technické","2001-12-11","15:37:01"
"45143",19," ","2001-12-11","16:12:40"
"45144",19,"a) Hospodaření s majetkem města - nabytí,prodeje nemovitostí,zřízení","2001-12-11","16:16:24"
"45145",19,"b) Zařazení obytných domů č.p.1334 a č.p.1335, ul.Dlouhá, k.ú. Frýdek do          11.50-11.55","2001-12-11","16:17:53"
"45146",19,"c)  Zastavení nemovitostí ve vlastnictví města Frýdek-Místek v souvislosti           11.55-12.05","2001-12-11","16:19:00"
"45147",19,"d)  Návrh na prominutí poplatků z prodlení vzniklých neplacením nájemného       12.05-12.15","2001-12-11","16:22:40"
"45148",19,"e)  Zásady pro prominutí dluhu z titulu neuhrazeného nájemného za užívání        12.15 - 12.35","2001-12-11","16:25:27"
"45149",19," ","2001-12-11","17:08:33"
"45150",19," ","2001-12-11","17:23:34"
"45151",19,"-7a - Ing. Pavlík - návrh","2001-12-11","17:29:24"
"45152",19,"- 7a - Ing.Konůpka - návrh hlasovat o bodu 4 zvlášť","2001-12-11","17:30:14"
"45153",19,"- 7a - celek s pozměňujícími navrhy","2001-12-11","17:31:05"
"45154",19,"a) Obecně závazná vyhláška č…../2001 města Frýdek-Místek o                          12.40-13.00","2001-12-11","17:33:14"
"45155",19,"8b - MUDr. Vašek","2001-12-11","17:59:03"
"45156",19,"8b - 348,- Kč","2001-12-11","17:59:45"
"45157",19,"8b - 384,- Kč","2001-12-11","18:00:10"
"45158",19," ","2001-12-11","18:01:01"
"45159",19," ","2001-12-11","18:01:42"
"45160",19,"c) Obecně závazná vyhláška č. …../2001, kterou se mění vyhláška                     14.20-14.25","2001-12-11","18:03:52"
"45161",19,"d)  Obecně závazná vyhláška o stanovení provozní doby hostinských a ","2001-12-11","18:09:22"
"45162",19,"a) Udělení pamětního listu města Frýdku-Místku panu Václavu Červenkovi         14.35-14.40","2001-12-11","18:10:25"
"45163",19,"c) Stanovení paušální částky neuvolněným členům zastupitelstva města, kteří        14.45-14.50","2001-12-11","18:20:27"
"45164",19,"d)  Návrh na vyplacení další odměny neuvolněným členům zastupitelstva města   14.50-14.55","2001-12-11","18:21:20"
"45165",19,"e)  Návrh na uzavření smlouvy o vytvoření dobrovolného svazku obcí                   14.55-15.05    ","2001-12-11","18:24:35"
"45166",19,"- 9f - p.Janásek - návrh","2001-12-11","19:00:39"
"45167",19,"9g) Sjednocení způsobu vyúčtování příspěvků......","2001-12-11","19:10:48"
"45168",19,"Revokace usnesení 7a) ....","2001-12-11","19:16:16"
"45169",19,"Revokace usnesení 8b) .... schvaluje výši 348","2001-12-11","19:19:08"
"45201",20," ","2002-02-12","15:20:14"
"45202",20," ","2002-02-12","15:20:54"
"45203",20,"Doplnění bodu 5e)","2002-02-12","15:21:31"
"45204",20," ","2002-02-12","15:22:04"
"45205",20,"1. Zahájení - volba návrhové a volební  komise                                         ","2002-02-12","15:24:02"
"45206",20,"1. Zahájení - volba návrhové a volební  komise                                         ","2002-02-12","15:24:53"
"45207",20," - určení ověřovatelů zápisu             ","2002-02-12","15:26:13"
"45208",20,"2. HOSPODAŘENÍ S MAJETKEM MĚSTA F-M:","2002-02-12","15:28:17"
"45209",20,"2a) hlasování o bodu 5. zvlášť","2002-02-12","15:52:19"
"45210",20,"2a)  Hospodaření s majetkem města - prodej a nabytí nemovitostí, záměry  města F-M ","2002-02-12","15:52:56"
"45211",20,"2a) dodatek záměr a OZV","2002-02-12","15:58:26"
"45212",20,"2b)   Prodej domu č.p. 2832 vč.zastavěného a souvisejících pozemků, k.ú. Frýdek","2002-02-12","16:01:26"
"45213",20,"2c)    Postoupení pohledávky                                                                       ","2002-02-12","16:04:23"
"45214",20,"2d)   Prodej obytného domu č.p.334, ul. Třanovského, F-M vč. zastavěného pozemku ","2002-02-12","16:06:31"
"45215",20,"2e)    Řešení právních vztahů k objektu č.p.517, ul.ČSA, k.ú. Místek","2002-02-12","16:08:06"
"45216",20,"Volba tajná","2002-02-12","16:18:19"
"45217",20,"3. VOLBA PŘÍSEDÍCÍCH OKRESNÍHO SOUDU ve Frýdku-Místku   ","2002-02-12","16:19:05"
"45218",20,"4.1 Návrh ukončení diskuse","2002-02-12","17:05:20"
"45219",20,"4.1 Návrh usnesení Ing. Říman - provedení kontroly","2002-02-12","17:16:38"
"45220",20,"4a) Návrh na usnesení p. Janásek","2002-02-12","17:54:15"
"45221",20,"4a) Návrh rozpočtové změny Ing. Říman - oprava komunikací","2002-02-12","17:56:03"
"45222",20,"4a) Návrh na vyjmutí z dotací - Shotokan Ing. Richtrová","2002-02-12","17:56:38"
"45223",20,"4a) Návrh rozpočtu města Frýdku-Místku pro rok 2002 a návrh rozpočtového výhledu města Frýdku-Místku na léta 2003-2004","2002-02-12","17:57:09"
"45224",20,"4b) Hlasování o bodu 1. samostatně Ing.RSDr.Recman","2002-02-12","17:59:12"
"45225",20,"4b) Uzavření smluv o poskytnutí dotací z rozpočtu města /FO/ ","2002-02-12","17:59:40"
"45226",20,"4c)   Poskytnutí neinvestiční dotace na provoz městské hromadné dopravy    ","2002-02-12","18:01:05"
"45227",20,"4d)  Smlouva o poskytnutí investiční dotace města F-M Nemocnici ve F-M na nákup zdravotní techniky","2002-02-12","18:01:58"
"45228",20,"4e) Smlouva o poskytnutí investiční dotace Nemocnici ve F-M - určení výtěžku sbírky pod vánočním stromem v roce 2001","2002-02-12","18:02:54"
"45229",20,"4f)  Dodatek č. l ke Smlouvě o poskytnutí neinvestiční dotace pro sdružení Podané ruce - Společnost pro canisterapii a osobní asistenci se sídlem ul.","2002-02-12","18:03:49"
"45230",20,"4h)  Návrh na uzavření smluv o poskytnutí neinvestičních dotací ze sportovního fondu","2002-02-12","18:05:17"
"45231",20,"4i) Investiční transfery z fondu ŽP                                   ","2002-02-12","18:06:17"
"45232",20,"4j) Návrh rozpočtového opatření - Ing.Richtrová","2002-02-12","18:09:36"
"45233",20,"4j) Návrh l. změny rozpočtu města Frýdku-Místku pro rok 2002 formou rozpočtových opatření - celek","2002-02-12","18:10:12"
"45234",20,"5b) Návrh usnesení - RSDr. Ing. Recman","2002-02-12","18:46:48"
"45235",20,"5b) Návrh usnesení - Mgr. Rumian","2002-02-12","18:51:11"
"45236",20,"5b) Dodatek č.2 k Jednacímu řádu Zastupitelstva města Frýdku-Místku,Statut a jednací řád kontrolního výboru Zastupitelstva města F-M              ","2002-02-12","18:51:41"
"45237",20,"5c) Návrh na stanovení měsíční odměny za výkon funkce u neuvolněného člena ZM RSDr.Ing.Svatomír Recmana str.48   ","2002-02-12","18:52:53"
"45238",20,"5d) Návrh na stanovení výše odměn pro členy komisí rady města, kontrolního výboru ZM, finančního výboru ZM, majetkového výboru","2002-02-12","18:54:00"
"45239",20,"7b) Návrh na usnesení - Ing.Konůpka","2002-02-12","19:52:40"
"45240",20,"7a) Návrh na usnesení ","2002-02-12","19:53:41"
"45241",21,"-  hlasování o doplnění programu p.Holý","2002-03-26","08:13:34"
"45242",21,"- hlasování o návrhu celého programu","2002-03-26","08:14:10"
"45243",21,"- hlasování o  složení návrhové  komise                                                                 ","2002-03-26","08:15:19"
"45244",21,"- hlasování o určení ověřovatelů zápisu             ","2002-03-26","08:16:39"
"45245",21,"4/a) p.Janásek - návrh změny rozpočtu - Kino Vlast","2002-03-26","08:53:19"
"45246",21,"4/a) Návrh 2. změny rozpočtu města F-M pro rok 2002                      ","2002-03-26","08:54:11"
"45247",21,"4/a1) Uzavření smluv o poskytnutí dotací z rozpočtu města /FO/","2002-03-26","08:55:16"
"45248",21,"4/a2) Dodatek č.1 k dohodě o zrušení podílového spoluvlastnictví - Bezručova vyhlídka","2002-03-26","08:56:24"
"45249",21,"4/ b) Poskytnutí investiční dotace na nákup autobusů MHD","2002-03-26","09:00:20"
"45250",21,"4/ c) Dotace z charitativního fondu Města  Frýdek-Místek                                  ","2002-03-26","09:01:34"
"45251",21,"4/d) bod 2-3   hlasovánízvlášť                                                                                                       ","2002-03-26","09:06:03"
"45252",21,"4/d) Dotace ze zdravotního fondu Města Frýdek-Místek                               ","2002-03-26","09:06:31"
"45253",21,"                  ","2002-03-26","09:07:20"
"45254",21,"4/e) Smlouvy o poskytnutí neinv. dotace z rozpočtu města  - umístění občanů                    ","2002-03-26","09:10:18"
"45255",21,"4/f) Smlouvy o poskytnutí neinv. dotace z rozpočtu města nezisk.org.","2002-03-26","09:11:14"
"45256",21,"4/g) Smlouva o poskytnutí neinv. dotace z rozpočtu města - onkolog.registr                 ","2002-03-26","09:12:10"
"45257",21,"4/h) Smlouva o poskytnutí neinv. dotace z rozpočtu města  pro Charitu /psych.nemoc.)               ","2002-03-26","09:18:24"
"45258",21,"4/i)  Investiční transfery  a neinvestiční dotace z fondu životního prostředí   ","2002-03-26","09:22:02"
"45259",21,"4/j) Vyplacení dotace z Fondu regenerace města Frýdku-Místku                   ","2002-03-26","09:24:21"
"45260",21,"4/ k) Poskytnutí neinvestičního transferu Sdružení obcí   F-M                                ","2002-03-26","09:28:55"
"45261",21,"4/ l)  Investiční dotace ČD na rekonstrukci výpravní budovy    ","2002-03-26","09:31:46"
"45262",21,"4/m) Návrh na uzavření smluv o poskytnutí neinv.dotací ze  sport.fondu       ","2002-03-26","09:33:13"
"45263",21,"4/ n)  Dodatek ke smlouvě o poskytnutí neinvestiční dotace z Centra sportu  ","2002-03-26","09:39:23"
"45264",21,"Přestávka - hlasování    ","2002-03-26","09:41:28"
"45265",21,"Návrh na zrušení usnesení 4/n","2002-03-26","10:06:22"
"45266",21,"4/n)    Nové hlasování - pozitivní","2002-03-26","10:07:02"
"45267",21,"4/ o)  Návrh na uzavření smluv o poskytnutí neinv. přísp.   - fond výchovy a vzděl.","2002-03-26","10:12:26"
"45268",21,"4/ p) Návrh na uzavření smluv o poskytnutí neinv.přísp.a dotací - OŠKMaT       ","2002-03-26","10:24:22"
"45269",21,"4/ r)  Návrh příspěvku a dotace z rozpočtu a uzavření smluv - OŠKMaT         ","2002-03-26","10:25:36"
"45270",21,"4/ s)  Návrh dotací a příspěvků z kulturního fondu a uzavření smluv                 ","2002-03-26","10:26:36"
"45271",21,"4/ t)  Návrh na doplnění Statutu fondu reprezentace a propagace města           ","2002-03-26","10:33:17"
"45272",21,"4/u) Ing.Richtrová - hlasování zvlášť - SQUASH","2002-03-26","11:03:06"
"45273",21,"4/u) Ing. Konůpka - návrh 224 tis. Kč","2002-03-26","11:05:56"
"45274",21," ","2002-03-26","11:07:27"
"45275",21,"4/ y) Dohoda o plnění dluhu ve splátkách","2002-03-26","11:45:39"
"45276",21,"4/ z) Poskytnutí dotace na výstavbu nájem.bytů ul.Beskydská","2002-03-26","11:53:01"
"45277",21,"4 /ž) Poskytnutí systém.dotace - prům.zóna Chlebovice ","2002-03-26","11:54:31"
"45278",21," ","2002-03-26","11:55:07"
"45279",21,"5/a) Hospodaření s majetkem města + dodatek","2002-03-26","12:02:32"
"45280",21,"5/ b) Odkoupení kanalizačních sběračů v lokalitě u Baumaxu                              ","2002-03-26","12:06:09"
"45281",21,"5/ c) Návrh na poskytnutí půjček z fondu rozvoje bydlení  a  uzavření smluv                       ","2002-03-26","12:07:55"
"45282",21,"5/d) p.Holý - návrh neprodávat 2244, 2246","2002-03-26","12:13:04"
"45283",21,"5/d) Prodej obytných domů a pozemků zastavěných obytnými domy                   ","2002-03-26","12:13:30"
"45284",21,"6/a) Návrh změny č. 5 ÚP města F-M včetně řešení   žádostí a stanovisek","2002-03-26","12:14:56"
"45285",21,"6/ b) Záměr pořízení změny č. 6 územního plánu města Frýdku-Místku                ","2002-03-26","12:16:11"
"45286",21,"6/c) Realizace ","2002-03-26","12:17:28"
"45287",21,"6/d) Rekonstrukce Farního náměstí - oprava spojovací zídky mezi domy             ","2002-03-26","12:21:17"
"45288",21,"6/e) Výstavba vodovodních a kanalizačních přípojek ","2002-03-26","12:37:07"
"45289",21,"7/ a) OZV č. …./2002, kterou se mění vyhláška č. 8/2000 o závazné části ÚP","2002-03-26","12:54:48"
"45290",21,"Možnost vystoupení občana","2002-03-26","14:59:05"
"45291",21,"Další čas","2002-03-26","15:07:10"
"45292",21,"8/a) Ing. Konůpka - návrh usnesení","2002-03-26","15:49:53"
"45293",21,"9/a) Ing. Konůpka - návrh posunutí termínu","2002-03-26","16:32:08"
"45294",21," ","2002-03-26","16:38:05"
"45295",21,"9/d)  Odpověď panu J.Gilarovi na diskusní vystoupení na 20. zas.ZM","2002-03-26","16:57:13"
"45296",21,"9/e   Delegování zástupce města F-M na valnou hromadu","2002-03-26","16:58:25"
"45297",21,"10. Návrh Ing.Konůpka - prošetření ","2002-03-26","17:11:34"
"45298",22,"    - hlasování o návrhu celého programu","2002-06-18","08:18:43"
"45299",22,"    - hlasování o  složení návrhové a volební  komise                                                                 ","2002-06-18","08:20:03"
"45300",22,"     - hlasování o určení ověřovatelů zápisu             ","2002-06-18","08:21:18"
"45301",22,"- návrh Ing.Sehoře - odpady","2002-06-18","08:38:35"
"45302",22,"5/a) Závěrečný účet města Frýdku-Místku za rok 2001","2002-06-18","08:48:22"
"45303",22,"- hlasování o možnosti 3 vystoupení - Ing.Pospíšil ","2002-06-18","09:17:47"
"45304",22,"5/b) Návrh 3. změny rozpočtu města F-M pro rok 2002  vč.doplnění                    ","2002-06-18","09:28:58"
"45305",22,"- návrh - PhDr.Stolař","2002-06-18","09:56:16"
"45306",22,"5/b) Návrh 3. změny rozpočtu města F-M pro rok 2002  vč.doplnění                    ","2002-06-18","09:57:05"
"45307",22,"- návrh Ing.Pospíšil","2002-06-18","10:01:15"
"45308",22,"5/c) Dodatek č. l ke Smlouvě o poskytnutí investiční dotace mezi městem F-M a Nemocnicí             ","2002-06-18","10:01:40"
"45309",22,"5/d) Dotace z charitativního fondu města  Frýdek-Místek                                 ","2002-06-18","10:03:26"
"45310",22,"5/e) Dotace ze zdravotního fondu města Frýdek-Místek                                   ","2002-06-18","10:05:20"
"45311",22,"5/f)  Dodatek č. l ke smlouvě o poskytnutí neinvestiční dotace na  sociální služby pro Slezskou diakonii.","2002-06-18","10:06:47"
"45312",22,"5/g)  Investiční transfery  z fondu životního prostředí                                    ","2002-06-18","10:08:10"
"45313",22,"5/h) Vyplacení dotace z Fondu regenerace města Frýdku-Místku                  ","2002-06-18","10:09:22"
"45314",22,"5/i)) Smlouva o poskytnutí neinvest.transferu mezi městem F-M a Sey s.r.o.              ","2002-06-18","10:21:06"
"45315",22,"- návrh Ing. Pavlík - hlasování o bodu a2 zvlášť","2002-06-18","10:28:58"
"45316",22,"5/j)  Návrh na uzavření smlouvy o poskytnutí neinvest.příspěvku …OŠKMaT     ","2002-06-18","10:29:22"
"45317",22,"5/k) Dodatek ke smlouvě o poskytnutí neinvest.dotace z Centra sportu  + fond reprezentace…","2002-06-18","10:42:16"
"45318",22,"- 5/l) návrh Ing.Pavlík","2002-06-18","10:56:47"
"45319",22,"5/l) Návrh na uzavření smluv o poskytnutí neinvestičních dotací  z Centra sportu","2002-06-18","10:57:18"
"45320",22,"5/m) Návrh na uzavření smluv o poskytnutí neinvest. dotací ze sportovního fondu","2002-06-18","10:58:15"
"45321",22,"5/ n) Návrh dotací, příspěvků a transferu z fondu programu prevence kriminality + MV …..","2002-06-18","11:05:37"
"45322",22,"5/o) Návrh dotací z fondu regenerace MPZ - OŠKMaT a uzavření smluv …….","2002-06-18","11:19:39"
"45323",22,"5/p)  Návrh dotací z kultur. fondu a uzavření smluv o poskytnutí  neinvest.dotací + účel…","2002-06-18","11:20:27"
"45324",22,"5/r) Návrh na uzavření smluv o poskytnutí neinvest. dotací z fondu  výchovy a vzdělávání","2002-06-18","11:24:59"
"45325",22,"- 5/s) návrh Ing. Konůpka","2002-06-18","11:36:44"
"45326",22,"- 5/s) návrh č.1 MUDr.Buček - bod 2","2002-06-18","11:37:36"
"45327",22,"5/s) Návrh na uzavření smluv o poskytnutí neinvest. dotací z fondu reprezentace a propagace ","2002-06-18","11:42:18"
"45328",22,"- hlasování o o hlasování návrhu - MUDr.Buček","2002-06-18","11:47:08"
"45329",22,"- 5/s) návrh č.2 MUDr.Buček","2002-06-18","11:48:14"
"45330",22,"5/t)   Poskyt. neinvest. dotace na krytí prokazat.ztráty při provoz. příměstské  AD(ČSAD )","2002-06-18","11:51:11"
"45331",22,"5/u)  Poskyt. neinvest. dotace na krytí prokazat.ztráty při provoz. příměst.  AD ( (Conner) ","2002-06-18","11:52:30"
"45332",22," 5/v) Poskytnutí systémové dotace na akci ","2002-06-18","12:19:35"
"45333",22,"- 5/w) návrh JUDr.Dokoupil - ústavní stížnost","2002-06-18","12:46:54"
"45334",22,"6/ a) Hospodaření s majetkem města - prodej, darování, směny …. + dodatek","2002-06-18","12:50:22"
"45335",22,"6/b)  Prodej obytných domů a pozemků zastavěných obytnými domy                 ","2002-06-18","12:55:09"
"45336",22,"6/c)  Dohoda o splácení dlužné pohledávky                                                          ","2002-06-18","12:58:36"
"45337",22,"6/e) Snížení vyvolávací ceny u nebyt. prostoru č.1595/16 v domě č.p.1595, ul. Wolkerova","2002-06-18","13:18:37"
"45338",22," - 6/f) návrh Ing.Pospíšil - snížení koeficientu","2002-06-18","13:45:20"
"45339",22,"- 7/a) návrh PhDr.Stolař 250 tis. = 125 + 125","2002-06-18","15:18:10"
"45340",22,"7/b) Smlouva o spolupráci při realizaci invest.akcí - výstavba nárožního domu Místek…  ","2002-06-18","15:20:41"
"45341",22,"8/a  Zrušení příspěvkové organizace ","2002-06-18","15:52:24"
"45342",22,"8/b) Návrh na schválení dod.č.5 ke zřiz. listině přísp.org. Centrum pro mentál.postiž.mládež","2002-06-18","15:53:32"
"45343",22," 8/c)  Návrh na schválení změn zřizov. listin ZŠ,Spec.školy Naděje,Národního domu…","2002-06-18","15:55:07"
"45344",22,"- 9/a) návrh na doplnění Ing.Kučík - chodníky","2002-06-18","16:16:30"
"45345",22,"- 9/a) návrh na doplnění Ing.Kučík - rozšíření prostor o vlakové a přilehlé autobusové nádraží ","2002-06-18","16:17:46"
"45346",22,"  9/a) Návrh  změn a doplňků OZV o držení psů a jejich pohybu  po veřejném prostranství","2002-06-18","16:18:18"
"45347",22,"10/ b) Stanovení počtu členů ZM  pro voleb. období 2002-2006 + voleb.obvod","2002-06-18","16:22:26"
"45348",22,"- návrh na usnesení Ing. Pavlík - nápravná opatření bod 3","2002-06-18","17:22:03"
"45349",22,"- návrh na usnesení Ing. Pavlík - nápravná opatření bod 4","2002-06-18","17:22:36"
"45350",22,"- návrh na usnesení Ing. Pavlík","2002-06-18","17:24:46"
"45351",22,"- návrh na usnesení PhDr.Stolař","2002-06-18","17:25:34"
"45352",22," 10/ c) Plnění usnes.ZM č. 3.3.2. ze dne 12.2.2002 a č.IX./9.1.2. ","2002-06-18","17:26:41"
"45353",22," -10/d)  návrh Ing.Roháč ","2002-06-18","17:30:33"
"45354",22,"10/ d) Provedení kontroly zajišťování oprav a údržby školských objektů města F-M (návrh) ","2002-06-18","17:30:57"
"45355",22,"- 10/e) návrh p.Velčovský","2002-06-18","17:35:54"
"45356",22,"10/ e) Návrh na stanovení měsíčních odměn za výkon funkce pro neuvolněné členy ZM","2002-06-18","17:37:06"
"45357",22,"10/f)  Návrh na vyplacení další odměny neuvolněným členům zastupitelstva      ","2002-06-18","17:38:04"
"45358",22,"- hlasování o 3 vystoupení","2002-06-18","18:01:42"
"45359",22,"7/d) Dodatek č. l ke smlouvě o spolupráci mezi městem F-M a  spol. SANDRA TEXTILE MILLS, s.r.o. ","2002-06-18","18:09:30"
"45360",23," ","2002-09-24","07:21:29"
"45361",23," ","2002-09-24","07:24:31"
"45362",23," ","2002-09-24","07:40:49"
"45363",23,"    - hlasování o návrhu celého programu","2002-09-24","08:18:39"
"45364",23,"    - hlasování o  složení návrhové   komise                                                                 ","2002-09-24","08:19:44"
"45365",23,"     - hlasování o určení ověřovatelů zápisu             ","2002-09-24","08:20:57"
"45366",23,"-4/a) návrh Ing.Pospíšil na přerušení bodu jednání","2002-09-24","09:11:38"
"45367",23,"-4/a) pozměňující návrh Mgr.Rumian - vyjmout 240 tis. z odboru VV a převést na DaS - vysoušeče","2002-09-24","09:21:27"
"45368",23,"4/a) Návrh 4. změny rozpočtu města F-M pro rok 2002 + dodatek","2002-09-24","09:22:52"
"45369",23,"4/b) Dotace z charitativního fondu města  Frýdek-Místek                                 ","2002-09-24","09:24:52"
"45370",23,"4/c) Dotace ze zdravotního fondu města Frýdek-Místek                                   ","2002-09-24","09:26:42"
"45371",23,"4/d)  Uzavření dodatku č.2 ke smlouvě o poskytnutí neinvest. dotace na soc.služby ","2002-09-24","09:27:46"
"45372",23,"4/e)  Změna výše daru města F-M p.Anežce Wawreczkové…                                 ","2002-09-24","09:29:03"
"45373",23,"4/f)  Vyplacení  dotace z Fondu regenerace města Frýdku-Místku                  ","2002-09-24","09:48:29"
"45374",23,"4/g) Smlouva o poskytnutí invest.transferu mezi městem F-M a obcí St.Město","2002-09-24","09:49:47"
"45375",23,"4/h) Poskytnutí incest. transferu dobrovolnému svazku obcí povodí Olešná","2002-09-24","09:50:56"
"45376",23,"4/i) Dodatky ke smlouvám mezi městem F-M a dobrovol.svazkem obcí …….","2002-09-24","09:52:05"
"45377",23,"4/l) Návrh na uzavření smluv o poskytnutí neinvest.dodací z Centra sportu","2002-09-24","09:53:49"
"45378",23,"4/m) Dodatky ke smlouvám o poskytnutí neinvest. dotací z Centra sportu","2002-09-24","09:56:38"
"45379",23,"4/n)  Návrh na uzavření smluv o poskytnutí neinvest. dotací ze sportovního fondu","2002-09-24","09:57:35"
"45380",23,"4/n1) Návrh dohody o splátkách dluhu mezi FK VP, Table tennis a městem","2002-09-24","10:00:51"
"45381",23,"4/o Návrh na uzavření smluv o poskytnutí neinvest.dotací z fondu reprezentace","2002-09-24","10:01:56"
"45382",23,"4/p) Návrh na uzavření smluv o poskytnutí neinvest. dotací z fondu  výchovy a vzdělávání","2002-09-24","10:02:53"
"45383",23,"4/r) Návrh na uzavření smluv o poskytnutí neinvest. dotací a příspěvku z rozpočtu města","2002-09-24","10:04:32"
"45384",23,"4/s)  Návrh na uzavření smluv o poskytnutí neinvest.dotací z kulturního fondu                    ","2002-09-24","10:05:50"
"45385",23,"4/t)   Návrh na uzavření uzavření dodatků ke smlouvám o poskytnutí neinvest.dotací","2002-09-24","10:06:48"
"45386",23,"4/u)   Finanční pomoc oblastem postiženým povodní ","2002-09-24","10:07:54"
"45387",23,"4/v)   Pověření starosty města Frýdek-Místek","2002-09-24","10:09:09"
"45388",23,"4/w)  Uzavření leasingové smlouvy","2002-09-24","10:10:14"
"45389",23,"Procedurální návrh PhDr.Stolař","2002-09-24","10:11:21"
"45390",23,"6/a ) Změna harmonogramu pořízení změny č.6 ÚP města F-M","2002-09-24","10:15:15"
"45391",23,"6/b) Záměr pořízení aktualizace územního plánu zóny Olešná ……","2002-09-24","10:20:42"
"45392",23,"6/c Regulační plán MPZ Frýdek - návrh řešení námitek a připomínek + vyhláška","2002-09-24","10:23:07"
"45393",23,"Procedurální PhDr.Stolař","2002-09-24","10:24:17"
"45394",23,"7/a OZV č…../2002,kterou se mění vyhl.č.8/2000 o záv.části ÚP města F-M……","2002-09-24","10:37:33"
"45395",23,"5/a) Hospodaření s majetkem města - prodej, darování, směny …. + dodatek","2002-09-24","10:41:21"
"45396",23,"5/b)  Prodej obytných domů a pozemků zastavěných obytnými domy                 ","2002-09-24","10:43:38"
"45397",23,"5/c)  Návrh na upuštění od vymáhání pohledávek                                                     ","2002-09-24","10:44:36"
"45398",23,"5/d) Návrh na upuštění od vymáhání poplatků z prodlení","2002-09-24","10:45:38"
"45399",23,"- 7/b) slevy","2002-09-24","11:29:00"
"45400",23,"- 7/b) pozměňující návrh 348,-Kč","2002-09-24","11:29:54"
"45401",23,"procedurální návrh PhDr.Stolař","2002-09-24","11:49:14"
"45402",23,"- 8/c) návrh 5.zm rozpočtu","2002-09-24","12:06:11"
"45403",23,"8/c) Zrušení obchodní společnosti ND-R a.s. a související úkony","2002-09-24","12:06:40"
"45404",23,"7/c) OZV,kterou se mění a doplňuje vyhl..č.1/1996 o místních poplatcích ….","2002-09-24","12:19:20"
"45405",23,"8/a ) Návrh na org.změny na úseku školství…………","2002-09-24","12:26:32"
"45406",23,"8/b)  Návrh na schválení dodatku ke zřiz.listině Spec.školy - Naděje","2002-09-24","12:28:32"
"45407",23,"- 9/a) návrh Ing.Pavlík","2002-09-24","12:48:57"
"45408",23,"9/c)  Návrh na stanovení výše odměn a darů pro členy komisí RM, KV, FV,majetk.výb….","2002-09-24","13:03:15"
"45409",23,"9/d) Návrh na stanov.měsíční odměny za výkon fce u Mgr.Šostého a JUDr.Dokoupila","2002-09-24","13:04:10"
"45410",23,"9/e)  Oznámení Ing.P.Rafaje o změně statutu…..","2002-09-24","13:05:10"
"45411",23,"- 9/f) návrh Ing.Roháč","2002-09-24","13:10:44"
"45412",23,"- 9/f) návrh Ing.Roháč","2002-09-24","13:11:20"
"45413",23,"9/f)  Zásady pro poskytování cestovních náhrad…..","2002-09-24","13:11:46"
"45414",23,"- oběd","2002-09-24","13:13:26"
