vote_event:id,voter:id,option
8-1,"Borka, Luboš",for
8-2,"Borka, Luboš",for
8-3,"Borka, Luboš",for
8-4,"Borka, Luboš",for
8-5,"Borka, Luboš",for
8-6,"Borka, Luboš",for
8-7,"Borka, Luboš",for
8-8,"Borka, Luboš",for
8-9,"Borka, Luboš",for
8-10,"Borka, Luboš",for
8-11,"Borka, Luboš",for
8-12,"Borka, Luboš",for
8-13,"Borka, Luboš",for
8-14,"Borka, Luboš",for
8-15,"Borka, Luboš",for
8-16,"Borka, Luboš",for
8-17,"Borka, Luboš",for
8-18,"Borka, Luboš",for
8-19,"Borka, Luboš",for
8-20,"Borka, Luboš",for
8-21,"Borka, Luboš",for
8-22,"Borka, Luboš",for
8-23,"Borka, Luboš",not voting
8-24,"Borka, Luboš",for
8-25,"Borka, Luboš",for
8-26,"Borka, Luboš",for
8-27,"Borka, Luboš",for
8-28,"Borka, Luboš",for
8-29,"Borka, Luboš",for
8-30,"Borka, Luboš",for
8-31,"Borka, Luboš",for
8-32,"Borka, Luboš",for
8-33,"Borka, Luboš",for
8-34,"Borka, Luboš",for
8-35,"Borka, Luboš",for
8-36,"Borka, Luboš",for
8-37,"Borka, Luboš",for
8-38,"Borka, Luboš",for
8-39,"Borka, Luboš",for
8-40,"Borka, Luboš",for
8-41,"Borka, Luboš",for
9-1,"Borka, Luboš",for
9-2,"Borka, Luboš",for
9-3,"Borka, Luboš",for
9-4,"Borka, Luboš",for
9-5,"Borka, Luboš",for
9-6,"Borka, Luboš",abstain
9-7,"Borka, Luboš",for
9-8,"Borka, Luboš",for
9-9,"Borka, Luboš",for
9-10,"Borka, Luboš",for
9-11,"Borka, Luboš",for
9-12,"Borka, Luboš",for
9-13,"Borka, Luboš",for
9-14,"Borka, Luboš",for
9-15,"Borka, Luboš",for
9-16,"Borka, Luboš",for
9-17,"Borka, Luboš",for
9-18,"Borka, Luboš",for
9-19,"Borka, Luboš",for
9-20,"Borka, Luboš",for
9-21,"Borka, Luboš",for
9-22,"Borka, Luboš",for
9-23,"Borka, Luboš",for
9-24,"Borka, Luboš",for
9-25,"Borka, Luboš",for
9-26,"Borka, Luboš",for
9-27,"Borka, Luboš",abstain
9-28,"Borka, Luboš",for
9-29,"Borka, Luboš",for
9-30,"Borka, Luboš",for
9-31,"Borka, Luboš",for
9-32,"Borka, Luboš",for
9-33,"Borka, Luboš",for
9-34,"Borka, Luboš",for
9-35,"Borka, Luboš",for
9-36,"Borka, Luboš",for
9-37,"Borka, Luboš",for
9-38,"Borka, Luboš",for
10-1,"Borka, Luboš",for
10-2,"Borka, Luboš",for
10-3,"Borka, Luboš",for
10-4,"Borka, Luboš",for
10-5,"Borka, Luboš",for
10-6,"Borka, Luboš",for
10-7,"Borka, Luboš",for
10-8,"Borka, Luboš",for
10-9,"Borka, Luboš",for
10-10,"Borka, Luboš",for
10-11,"Borka, Luboš",for
10-12,"Borka, Luboš",for
10-13,"Borka, Luboš",not voting
10-14,"Borka, Luboš",for
10-15,"Borka, Luboš",for
10-16,"Borka, Luboš",for
11-1,"Borka, Luboš",not voting
11-2,"Borka, Luboš",for
11-3,"Borka, Luboš",for
11-4,"Borka, Luboš",for
11-5,"Borka, Luboš",for
11-6,"Borka, Luboš",for
11-7,"Borka, Luboš",for
11-8,"Borka, Luboš",for
11-9,"Borka, Luboš",for
11-10,"Borka, Luboš",for
11-11,"Borka, Luboš",abstain
11-12,"Borka, Luboš",for
11-13,"Borka, Luboš",for
11-14,"Borka, Luboš",for
11-15,"Borka, Luboš",for
11-16,"Borka, Luboš",for
8-1,"Drahorád, Michal",for
8-2,"Drahorád, Michal",for
8-3,"Drahorád, Michal",for
8-4,"Drahorád, Michal",for
8-5,"Drahorád, Michal",for
8-6,"Drahorád, Michal",for
8-7,"Drahorád, Michal",for
8-8,"Drahorád, Michal",for
8-9,"Drahorád, Michal",for
8-10,"Drahorád, Michal",for
8-11,"Drahorád, Michal",for
8-12,"Drahorád, Michal",for
8-13,"Drahorád, Michal",for
8-14,"Drahorád, Michal",for
8-15,"Drahorád, Michal",for
8-16,"Drahorád, Michal",for
8-17,"Drahorád, Michal",for
8-18,"Drahorád, Michal",for
8-19,"Drahorád, Michal",for
8-20,"Drahorád, Michal",for
8-21,"Drahorád, Michal",for
8-22,"Drahorád, Michal",for
8-23,"Drahorád, Michal",for
8-24,"Drahorád, Michal",for
8-25,"Drahorád, Michal",for
8-26,"Drahorád, Michal",for
8-27,"Drahorád, Michal",for
8-28,"Drahorád, Michal",for
8-29,"Drahorád, Michal",for
8-30,"Drahorád, Michal",for
8-31,"Drahorád, Michal",for
8-32,"Drahorád, Michal",for
8-33,"Drahorád, Michal",for
8-34,"Drahorád, Michal",for
8-35,"Drahorád, Michal",for
8-36,"Drahorád, Michal",for
8-37,"Drahorád, Michal",for
8-38,"Drahorád, Michal",for
8-39,"Drahorád, Michal",for
8-40,"Drahorád, Michal",for
8-41,"Drahorád, Michal",for
9-1,"Drahorád, Michal",for
9-2,"Drahorád, Michal",for
9-3,"Drahorád, Michal",for
9-4,"Drahorád, Michal",for
9-5,"Drahorád, Michal",for
9-6,"Drahorád, Michal",for
9-7,"Drahorád, Michal",for
9-8,"Drahorád, Michal",for
9-9,"Drahorád, Michal",for
9-10,"Drahorád, Michal",for
9-11,"Drahorád, Michal",for
9-12,"Drahorád, Michal",for
9-13,"Drahorád, Michal",for
9-14,"Drahorád, Michal",for
9-15,"Drahorád, Michal",for
9-16,"Drahorád, Michal",for
9-17,"Drahorád, Michal",for
9-18,"Drahorád, Michal",for
9-19,"Drahorád, Michal",for
9-20,"Drahorád, Michal",for
9-21,"Drahorád, Michal",for
9-22,"Drahorád, Michal",for
9-23,"Drahorád, Michal",for
9-24,"Drahorád, Michal",for
9-25,"Drahorád, Michal",for
9-26,"Drahorád, Michal",for
9-27,"Drahorád, Michal",for
9-28,"Drahorád, Michal",for
9-29,"Drahorád, Michal",for
9-30,"Drahorád, Michal",for
9-31,"Drahorád, Michal",for
9-32,"Drahorád, Michal",for
9-33,"Drahorád, Michal",for
9-34,"Drahorád, Michal",for
9-35,"Drahorád, Michal",for
9-36,"Drahorád, Michal",for
9-37,"Drahorád, Michal",for
9-38,"Drahorád, Michal",for
10-1,"Drahorád, Michal",for
10-2,"Drahorád, Michal",for
10-3,"Drahorád, Michal",for
10-4,"Drahorád, Michal",for
10-5,"Drahorád, Michal",for
10-6,"Drahorád, Michal",for
10-7,"Drahorád, Michal",for
10-8,"Drahorád, Michal",for
10-9,"Drahorád, Michal",for
10-10,"Drahorád, Michal",for
10-11,"Drahorád, Michal",for
10-12,"Drahorád, Michal",for
10-13,"Drahorád, Michal",for
10-14,"Drahorád, Michal",for
10-15,"Drahorád, Michal",for
10-16,"Drahorád, Michal",for
11-1,"Drahorád, Michal",absent
11-2,"Drahorád, Michal",absent
11-3,"Drahorád, Michal",absent
11-4,"Drahorád, Michal",absent
11-5,"Drahorád, Michal",absent
11-6,"Drahorád, Michal",absent
11-7,"Drahorád, Michal",absent
11-8,"Drahorád, Michal",absent
11-9,"Drahorád, Michal",absent
11-10,"Drahorád, Michal",absent
11-11,"Drahorád, Michal",absent
11-12,"Drahorád, Michal",absent
11-13,"Drahorád, Michal",absent
11-14,"Drahorád, Michal",absent
11-15,"Drahorád, Michal",absent
11-16,"Drahorád, Michal",absent
8-1,"Franta, Vojtìch",for
8-2,"Franta, Vojtìch",for
8-3,"Franta, Vojtìch",for
8-4,"Franta, Vojtìch",for
8-5,"Franta, Vojtìch",for
8-6,"Franta, Vojtìch",for
8-7,"Franta, Vojtìch",for
8-8,"Franta, Vojtìch",for
8-9,"Franta, Vojtìch",for
8-10,"Franta, Vojtìch",for
8-11,"Franta, Vojtìch",for
8-12,"Franta, Vojtìch",for
8-13,"Franta, Vojtìch",for
8-14,"Franta, Vojtìch",for
8-15,"Franta, Vojtìch",for
8-16,"Franta, Vojtìch",for
8-17,"Franta, Vojtìch",for
8-18,"Franta, Vojtìch",for
8-19,"Franta, Vojtìch",for
8-20,"Franta, Vojtìch",for
8-21,"Franta, Vojtìch",for
8-22,"Franta, Vojtìch",abstain
8-23,"Franta, Vojtìch",abstain
8-24,"Franta, Vojtìch",for
8-25,"Franta, Vojtìch",for
8-26,"Franta, Vojtìch",for
8-27,"Franta, Vojtìch",for
8-28,"Franta, Vojtìch",for
8-29,"Franta, Vojtìch",for
8-30,"Franta, Vojtìch",for
8-31,"Franta, Vojtìch",for
8-32,"Franta, Vojtìch",for
8-33,"Franta, Vojtìch",for
8-34,"Franta, Vojtìch",for
8-35,"Franta, Vojtìch",for
8-36,"Franta, Vojtìch",for
8-37,"Franta, Vojtìch",for
8-38,"Franta, Vojtìch",for
8-39,"Franta, Vojtìch",for
8-40,"Franta, Vojtìch",for
8-41,"Franta, Vojtìch",for
9-1,"Franta, Vojtìch",for
9-2,"Franta, Vojtìch",for
9-3,"Franta, Vojtìch",for
9-4,"Franta, Vojtìch",for
9-5,"Franta, Vojtìch",for
9-6,"Franta, Vojtìch",for
9-7,"Franta, Vojtìch",for
9-8,"Franta, Vojtìch",for
9-9,"Franta, Vojtìch",for
9-10,"Franta, Vojtìch",for
9-11,"Franta, Vojtìch",for
9-12,"Franta, Vojtìch",for
9-13,"Franta, Vojtìch",for
9-14,"Franta, Vojtìch",for
9-15,"Franta, Vojtìch",for
9-16,"Franta, Vojtìch",for
9-17,"Franta, Vojtìch",for
9-18,"Franta, Vojtìch",for
9-19,"Franta, Vojtìch",for
9-20,"Franta, Vojtìch",for
9-21,"Franta, Vojtìch",for
9-22,"Franta, Vojtìch",for
9-23,"Franta, Vojtìch",for
9-24,"Franta, Vojtìch",for
9-25,"Franta, Vojtìch",for
9-26,"Franta, Vojtìch",for
9-27,"Franta, Vojtìch",for
9-28,"Franta, Vojtìch",abstain
9-29,"Franta, Vojtìch",for
9-30,"Franta, Vojtìch",for
9-31,"Franta, Vojtìch",for
9-32,"Franta, Vojtìch",for
9-33,"Franta, Vojtìch",for
9-34,"Franta, Vojtìch",for
9-35,"Franta, Vojtìch",for
9-36,"Franta, Vojtìch",for
9-37,"Franta, Vojtìch",for
9-38,"Franta, Vojtìch",for
10-1,"Franta, Vojtìch",for
10-2,"Franta, Vojtìch",for
10-3,"Franta, Vojtìch",for
10-4,"Franta, Vojtìch",for
10-5,"Franta, Vojtìch",for
10-6,"Franta, Vojtìch",for
10-7,"Franta, Vojtìch",for
10-8,"Franta, Vojtìch",for
10-9,"Franta, Vojtìch",for
10-10,"Franta, Vojtìch",for
10-11,"Franta, Vojtìch",for
10-12,"Franta, Vojtìch",for
10-13,"Franta, Vojtìch",for
10-14,"Franta, Vojtìch",for
10-15,"Franta, Vojtìch",for
10-16,"Franta, Vojtìch",for
11-1,"Franta, Vojtìch",for
11-2,"Franta, Vojtìch",for
11-3,"Franta, Vojtìch",for
11-4,"Franta, Vojtìch",for
11-5,"Franta, Vojtìch",for
11-6,"Franta, Vojtìch",for
11-7,"Franta, Vojtìch",for
11-8,"Franta, Vojtìch",for
11-9,"Franta, Vojtìch",for
11-10,"Franta, Vojtìch",for
11-11,"Franta, Vojtìch",for
11-12,"Franta, Vojtìch",for
11-13,"Franta, Vojtìch",for
11-14,"Franta, Vojtìch",for
11-15,"Franta, Vojtìch",for
11-16,"Franta, Vojtìch",for
8-1,"Haas, Libor",for
8-2,"Haas, Libor",for
8-3,"Haas, Libor",for
8-4,"Haas, Libor",for
8-5,"Haas, Libor",for
8-6,"Haas, Libor",for
8-7,"Haas, Libor",for
8-8,"Haas, Libor",for
8-9,"Haas, Libor",for
8-10,"Haas, Libor",for
8-11,"Haas, Libor",for
8-12,"Haas, Libor",for
8-13,"Haas, Libor",for
8-14,"Haas, Libor",for
8-15,"Haas, Libor",for
8-16,"Haas, Libor",for
8-17,"Haas, Libor",for
8-18,"Haas, Libor",for
8-19,"Haas, Libor",for
8-20,"Haas, Libor",for
8-21,"Haas, Libor",for
8-22,"Haas, Libor",for
8-23,"Haas, Libor",for
8-24,"Haas, Libor",for
8-25,"Haas, Libor",for
8-26,"Haas, Libor",for
8-27,"Haas, Libor",for
8-28,"Haas, Libor",for
8-29,"Haas, Libor",for
8-30,"Haas, Libor",for
8-31,"Haas, Libor",for
8-32,"Haas, Libor",for
8-33,"Haas, Libor",for
8-34,"Haas, Libor",abstain
8-35,"Haas, Libor",for
8-36,"Haas, Libor",for
8-37,"Haas, Libor",for
8-38,"Haas, Libor",for
8-39,"Haas, Libor",for
8-40,"Haas, Libor",for
8-41,"Haas, Libor",for
9-1,"Haas, Libor",for
9-2,"Haas, Libor",for
9-3,"Haas, Libor",for
9-4,"Haas, Libor",for
9-5,"Haas, Libor",for
9-6,"Haas, Libor",for
9-7,"Haas, Libor",for
9-8,"Haas, Libor",for
9-9,"Haas, Libor",for
9-10,"Haas, Libor",for
9-11,"Haas, Libor",for
9-12,"Haas, Libor",for
9-13,"Haas, Libor",not voting
9-14,"Haas, Libor",for
9-15,"Haas, Libor",for
9-16,"Haas, Libor",for
9-17,"Haas, Libor",for
9-18,"Haas, Libor",for
9-19,"Haas, Libor",for
9-20,"Haas, Libor",abstain
9-21,"Haas, Libor",for
9-22,"Haas, Libor",for
9-23,"Haas, Libor",for
9-24,"Haas, Libor",for
9-25,"Haas, Libor",for
9-26,"Haas, Libor",for
9-27,"Haas, Libor",for
9-28,"Haas, Libor",for
9-29,"Haas, Libor",for
9-30,"Haas, Libor",for
9-31,"Haas, Libor",for
9-32,"Haas, Libor",for
9-33,"Haas, Libor",for
9-34,"Haas, Libor",for
9-35,"Haas, Libor",for
9-36,"Haas, Libor",for
9-37,"Haas, Libor",for
9-38,"Haas, Libor",for
10-1,"Haas, Libor",for
10-2,"Haas, Libor",for
10-3,"Haas, Libor",abstain
10-4,"Haas, Libor",for
10-5,"Haas, Libor",for
10-6,"Haas, Libor",abstain
10-7,"Haas, Libor",for
10-8,"Haas, Libor",for
10-9,"Haas, Libor",for
10-10,"Haas, Libor",for
10-11,"Haas, Libor",for
10-12,"Haas, Libor",for
10-13,"Haas, Libor",for
10-14,"Haas, Libor",for
10-15,"Haas, Libor",for
10-16,"Haas, Libor",abstain
11-1,"Haas, Libor",for
11-2,"Haas, Libor",for
11-3,"Haas, Libor",for
11-4,"Haas, Libor",for
11-5,"Haas, Libor",for
11-6,"Haas, Libor",for
11-7,"Haas, Libor",for
11-8,"Haas, Libor",abstain
11-9,"Haas, Libor",for
11-10,"Haas, Libor",for
11-11,"Haas, Libor",for
11-12,"Haas, Libor",for
11-13,"Haas, Libor",for
11-14,"Haas, Libor",for
11-15,"Haas, Libor",for
11-16,"Haas, Libor",for
8-1,"Hurajèík, Martin",for
8-2,"Hurajèík, Martin",for
8-3,"Hurajèík, Martin",for
8-4,"Hurajèík, Martin",for
8-5,"Hurajèík, Martin",for
8-6,"Hurajèík, Martin",for
8-7,"Hurajèík, Martin",for
8-8,"Hurajèík, Martin",for
8-9,"Hurajèík, Martin",for
8-10,"Hurajèík, Martin",for
8-11,"Hurajèík, Martin",for
8-12,"Hurajèík, Martin",for
8-13,"Hurajèík, Martin",for
8-14,"Hurajèík, Martin",for
8-15,"Hurajèík, Martin",for
8-16,"Hurajèík, Martin",for
8-17,"Hurajèík, Martin",for
8-18,"Hurajèík, Martin",for
8-19,"Hurajèík, Martin",for
8-20,"Hurajèík, Martin",for
8-21,"Hurajèík, Martin",for
8-22,"Hurajèík, Martin",for
8-23,"Hurajèík, Martin",abstain
8-24,"Hurajèík, Martin",for
8-25,"Hurajèík, Martin",for
8-26,"Hurajèík, Martin",for
8-27,"Hurajèík, Martin",for
8-28,"Hurajèík, Martin",abstain
8-29,"Hurajèík, Martin",for
8-30,"Hurajèík, Martin",for
8-31,"Hurajèík, Martin",for
8-32,"Hurajèík, Martin",for
8-33,"Hurajèík, Martin",for
8-34,"Hurajèík, Martin",for
8-35,"Hurajèík, Martin",for
8-36,"Hurajèík, Martin",for
8-37,"Hurajèík, Martin",for
8-38,"Hurajèík, Martin",for
8-39,"Hurajèík, Martin",for
8-40,"Hurajèík, Martin",for
8-41,"Hurajèík, Martin",for
9-1,"Hurajèík, Martin",for
9-2,"Hurajèík, Martin",for
9-3,"Hurajèík, Martin",for
9-4,"Hurajèík, Martin",for
9-5,"Hurajèík, Martin",for
9-6,"Hurajèík, Martin",for
9-7,"Hurajèík, Martin",for
9-8,"Hurajèík, Martin",for
9-9,"Hurajèík, Martin",for
9-10,"Hurajèík, Martin",for
9-11,"Hurajèík, Martin",for
9-12,"Hurajèík, Martin",for
9-13,"Hurajèík, Martin",for
9-14,"Hurajèík, Martin",for
9-15,"Hurajèík, Martin",for
9-16,"Hurajèík, Martin",for
9-17,"Hurajèík, Martin",for
9-18,"Hurajèík, Martin",for
9-19,"Hurajèík, Martin",for
9-20,"Hurajèík, Martin",for
9-21,"Hurajèík, Martin",for
9-22,"Hurajèík, Martin",for
9-23,"Hurajèík, Martin",for
9-24,"Hurajèík, Martin",for
9-25,"Hurajèík, Martin",for
9-26,"Hurajèík, Martin",for
9-27,"Hurajèík, Martin",for
9-28,"Hurajèík, Martin",for
9-29,"Hurajèík, Martin",for
9-30,"Hurajèík, Martin",for
9-31,"Hurajèík, Martin",for
9-32,"Hurajèík, Martin",for
9-33,"Hurajèík, Martin",for
9-34,"Hurajèík, Martin",for
9-35,"Hurajèík, Martin",for
9-36,"Hurajèík, Martin",for
9-37,"Hurajèík, Martin",for
9-38,"Hurajèík, Martin",abstain
10-1,"Hurajèík, Martin",for
10-2,"Hurajèík, Martin",for
10-3,"Hurajèík, Martin",for
10-4,"Hurajèík, Martin",for
10-5,"Hurajèík, Martin",for
10-6,"Hurajèík, Martin",for
10-7,"Hurajèík, Martin",for
10-8,"Hurajèík, Martin",for
10-9,"Hurajèík, Martin",for
10-10,"Hurajèík, Martin",for
10-11,"Hurajèík, Martin",for
10-12,"Hurajèík, Martin",for
10-13,"Hurajèík, Martin",for
10-14,"Hurajèík, Martin",for
10-15,"Hurajèík, Martin",for
10-16,"Hurajèík, Martin",abstain
11-1,"Hurajèík, Martin",for
11-2,"Hurajèík, Martin",for
11-3,"Hurajèík, Martin",for
11-4,"Hurajèík, Martin",for
11-5,"Hurajèík, Martin",for
11-6,"Hurajèík, Martin",for
11-7,"Hurajèík, Martin",for
11-8,"Hurajèík, Martin",for
11-9,"Hurajèík, Martin",for
11-10,"Hurajèík, Martin",for
11-11,"Hurajèík, Martin",for
11-12,"Hurajèík, Martin",for
11-13,"Hurajèík, Martin",for
11-14,"Hurajèík, Martin",for
11-15,"Hurajèík, Martin",for
11-16,"Hurajèík, Martin",for
8-1,"Chval, Jiøí",abstent
8-2,"Chval, Jiøí",abstent
8-3,"Chval, Jiøí",abstent
8-4,"Chval, Jiøí",abstent
8-5,"Chval, Jiøí",abstent
8-6,"Chval, Jiøí",abstent
8-7,"Chval, Jiøí",abstent
8-8,"Chval, Jiøí",abstent
8-9,"Chval, Jiøí",abstent
8-10,"Chval, Jiøí",abstent
8-11,"Chval, Jiøí",abstent
8-12,"Chval, Jiøí",abstent
8-13,"Chval, Jiøí",abstent
8-14,"Chval, Jiøí",abstent
8-15,"Chval, Jiøí",abstent
8-16,"Chval, Jiøí",abstent
8-17,"Chval, Jiøí",abstent
8-18,"Chval, Jiøí",for
8-19,"Chval, Jiøí",for
8-20,"Chval, Jiøí",for
8-21,"Chval, Jiøí",for
8-22,"Chval, Jiøí",for
8-23,"Chval, Jiøí",for
8-24,"Chval, Jiøí",for
8-25,"Chval, Jiøí",for
8-26,"Chval, Jiøí",for
8-27,"Chval, Jiøí",for
8-28,"Chval, Jiøí",for
8-29,"Chval, Jiøí",for
8-30,"Chval, Jiøí",for
8-31,"Chval, Jiøí",for
8-32,"Chval, Jiøí",for
8-33,"Chval, Jiøí",for
8-34,"Chval, Jiøí",for
8-35,"Chval, Jiøí",for
8-36,"Chval, Jiøí",for
8-37,"Chval, Jiøí",for
8-38,"Chval, Jiøí",for
8-39,"Chval, Jiøí",for
8-40,"Chval, Jiøí",for
8-41,"Chval, Jiøí",for
9-1,"Chval, Jiøí",absent
9-2,"Chval, Jiøí",absent
9-3,"Chval, Jiøí",absent
9-4,"Chval, Jiøí",absent
9-5,"Chval, Jiøí",absent
9-6,"Chval, Jiøí",absent
9-7,"Chval, Jiøí",absent
9-8,"Chval, Jiøí",absent
9-9,"Chval, Jiøí",absent
9-10,"Chval, Jiøí",absent
9-11,"Chval, Jiøí",absent
9-12,"Chval, Jiøí",absent
9-13,"Chval, Jiøí",absent
9-14,"Chval, Jiøí",absent
9-15,"Chval, Jiøí",absent
9-16,"Chval, Jiøí",absent
9-17,"Chval, Jiøí",absent
9-18,"Chval, Jiøí",absent
9-19,"Chval, Jiøí",absent
9-20,"Chval, Jiøí",absent
9-21,"Chval, Jiøí",absent
9-22,"Chval, Jiøí",absent
9-23,"Chval, Jiøí",absent
9-24,"Chval, Jiøí",absent
9-25,"Chval, Jiøí",absent
9-26,"Chval, Jiøí",absent
9-27,"Chval, Jiøí",absent
9-28,"Chval, Jiøí",absent
9-29,"Chval, Jiøí",absent
9-30,"Chval, Jiøí",absent
9-31,"Chval, Jiøí",absent
9-32,"Chval, Jiøí",absent
9-33,"Chval, Jiøí",absent
9-34,"Chval, Jiøí",absent
9-35,"Chval, Jiøí",absent
9-36,"Chval, Jiøí",absent
9-37,"Chval, Jiøí",absent
9-38,"Chval, Jiøí",absent
10-1,"Chval, Jiøí",absent
10-2,"Chval, Jiøí",absent
10-3,"Chval, Jiøí",absent
10-4,"Chval, Jiøí",for
10-5,"Chval, Jiøí",for
10-6,"Chval, Jiøí",for
10-7,"Chval, Jiøí",for
10-8,"Chval, Jiøí",abstain
10-9,"Chval, Jiøí",abstain
10-10,"Chval, Jiøí",for
10-11,"Chval, Jiøí",for
10-12,"Chval, Jiøí",for
10-13,"Chval, Jiøí",for
10-14,"Chval, Jiøí",for
10-15,"Chval, Jiøí",for
10-16,"Chval, Jiøí",for
11-1,"Chval, Jiøí",absent
11-2,"Chval, Jiøí",absent
11-3,"Chval, Jiøí",absent
11-4,"Chval, Jiøí",absent
11-5,"Chval, Jiøí",absent
11-6,"Chval, Jiøí",absent
11-7,"Chval, Jiøí",absent
11-8,"Chval, Jiøí",absent
11-9,"Chval, Jiøí",absent
11-10,"Chval, Jiøí",absent
11-11,"Chval, Jiøí",absent
11-12,"Chval, Jiøí",absent
11-13,"Chval, Jiøí",absent
11-14,"Chval, Jiøí",absent
11-15,"Chval, Jiøí",absent
11-16,"Chval, Jiøí",absent
8-1,"Kafka, Vladimír",for
8-2,"Kafka, Vladimír",for
8-3,"Kafka, Vladimír",for
8-4,"Kafka, Vladimír",for
8-5,"Kafka, Vladimír",for
8-6,"Kafka, Vladimír",for
8-7,"Kafka, Vladimír",for
8-8,"Kafka, Vladimír",for
8-9,"Kafka, Vladimír",for
8-10,"Kafka, Vladimír",for
8-11,"Kafka, Vladimír",abstain
8-12,"Kafka, Vladimír",for
8-13,"Kafka, Vladimír",for
8-14,"Kafka, Vladimír",abstain
8-15,"Kafka, Vladimír",for
8-16,"Kafka, Vladimír",for
8-17,"Kafka, Vladimír",for
8-18,"Kafka, Vladimír",for
8-19,"Kafka, Vladimír",for
8-20,"Kafka, Vladimír",for
8-21,"Kafka, Vladimír",for
8-22,"Kafka, Vladimír",for
8-23,"Kafka, Vladimír",for
8-24,"Kafka, Vladimír",for
8-25,"Kafka, Vladimír",for
8-26,"Kafka, Vladimír",for
8-27,"Kafka, Vladimír",for
8-28,"Kafka, Vladimír",for
8-29,"Kafka, Vladimír",for
8-30,"Kafka, Vladimír",for
8-31,"Kafka, Vladimír",for
8-32,"Kafka, Vladimír",for
8-33,"Kafka, Vladimír",for
8-34,"Kafka, Vladimír",abstain
8-35,"Kafka, Vladimír",for
8-36,"Kafka, Vladimír",for
8-37,"Kafka, Vladimír",for
8-38,"Kafka, Vladimír",for
8-39,"Kafka, Vladimír",for
8-40,"Kafka, Vladimír",for
8-41,"Kafka, Vladimír",for
9-1,"Kafka, Vladimír",absent
9-2,"Kafka, Vladimír",absent
9-3,"Kafka, Vladimír",for
9-4,"Kafka, Vladimír",for
9-5,"Kafka, Vladimír",for
9-6,"Kafka, Vladimír",for
9-7,"Kafka, Vladimír",for
9-8,"Kafka, Vladimír",for
9-9,"Kafka, Vladimír",for
9-10,"Kafka, Vladimír",for
9-11,"Kafka, Vladimír",for
9-12,"Kafka, Vladimír",for
9-13,"Kafka, Vladimír",for
9-14,"Kafka, Vladimír",for
9-15,"Kafka, Vladimír",for
9-16,"Kafka, Vladimír",for
9-17,"Kafka, Vladimír",for
9-18,"Kafka, Vladimír",for
9-19,"Kafka, Vladimír",for
9-20,"Kafka, Vladimír",for
9-21,"Kafka, Vladimír",for
9-22,"Kafka, Vladimír",for
9-23,"Kafka, Vladimír",for
9-24,"Kafka, Vladimír",for
9-25,"Kafka, Vladimír",for
9-26,"Kafka, Vladimír",for
9-27,"Kafka, Vladimír",for
9-28,"Kafka, Vladimír",abstain
9-29,"Kafka, Vladimír",for
9-30,"Kafka, Vladimír",for
9-31,"Kafka, Vladimír",for
9-32,"Kafka, Vladimír",for
9-33,"Kafka, Vladimír",for
9-34,"Kafka, Vladimír",for
9-35,"Kafka, Vladimír",for
9-36,"Kafka, Vladimír",for
9-37,"Kafka, Vladimír",for
9-38,"Kafka, Vladimír",for
10-1,"Kafka, Vladimír",for
10-2,"Kafka, Vladimír",for
10-3,"Kafka, Vladimír",for
10-4,"Kafka, Vladimír",for
10-5,"Kafka, Vladimír",for
10-6,"Kafka, Vladimír",for
10-7,"Kafka, Vladimír",abstain
10-8,"Kafka, Vladimír",for
10-9,"Kafka, Vladimír",for
10-10,"Kafka, Vladimír",for
10-11,"Kafka, Vladimír",for
10-12,"Kafka, Vladimír",for
10-13,"Kafka, Vladimír",for
10-14,"Kafka, Vladimír",for
10-15,"Kafka, Vladimír",for
10-16,"Kafka, Vladimír",for
11-1,"Kafka, Vladimír",absent
11-2,"Kafka, Vladimír",absent
11-3,"Kafka, Vladimír",absent
11-4,"Kafka, Vladimír",absent
11-5,"Kafka, Vladimír",absent
11-6,"Kafka, Vladimír",absent
11-7,"Kafka, Vladimír",absent
11-8,"Kafka, Vladimír",absent
11-9,"Kafka, Vladimír",absent
11-10,"Kafka, Vladimír",absent
11-11,"Kafka, Vladimír",absent
11-12,"Kafka, Vladimír",absent
11-13,"Kafka, Vladimír",absent
11-14,"Kafka, Vladimír",absent
11-15,"Kafka, Vladimír",absent
11-16,"Kafka, Vladimír",absent
8-1,"Kalina, Martin",absent
8-2,"Kalina, Martin",absent
8-3,"Kalina, Martin",absent
8-4,"Kalina, Martin",absent
8-5,"Kalina, Martin",absent
8-6,"Kalina, Martin",absent
8-7,"Kalina, Martin",absent
8-8,"Kalina, Martin",absent
8-9,"Kalina, Martin",for
8-10,"Kalina, Martin",for
8-11,"Kalina, Martin",for
8-12,"Kalina, Martin",for
8-13,"Kalina, Martin",for
8-14,"Kalina, Martin",for
8-15,"Kalina, Martin",for
8-16,"Kalina, Martin",for
8-17,"Kalina, Martin",for
8-18,"Kalina, Martin",for
8-19,"Kalina, Martin",for
8-20,"Kalina, Martin",for
8-21,"Kalina, Martin",for
8-22,"Kalina, Martin",for
8-23,"Kalina, Martin",for
8-24,"Kalina, Martin",for
8-25,"Kalina, Martin",for
8-26,"Kalina, Martin",for
8-27,"Kalina, Martin",for
8-28,"Kalina, Martin",for
8-29,"Kalina, Martin",for
8-30,"Kalina, Martin",for
8-31,"Kalina, Martin",for
8-32,"Kalina, Martin",for
8-33,"Kalina, Martin",for
8-34,"Kalina, Martin",for
8-35,"Kalina, Martin",for
8-36,"Kalina, Martin",for
8-37,"Kalina, Martin",for
8-38,"Kalina, Martin",for
8-39,"Kalina, Martin",for
8-40,"Kalina, Martin",for
8-41,"Kalina, Martin",for
9-1,"Kalina, Martin",for
9-2,"Kalina, Martin",for
9-3,"Kalina, Martin",for
9-4,"Kalina, Martin",for
9-5,"Kalina, Martin",for
9-6,"Kalina, Martin",for
9-7,"Kalina, Martin",for
9-8,"Kalina, Martin",for
9-9,"Kalina, Martin",for
9-10,"Kalina, Martin",for
9-11,"Kalina, Martin",for
9-12,"Kalina, Martin",for
9-13,"Kalina, Martin",for
9-14,"Kalina, Martin",for
9-15,"Kalina, Martin",for
9-16,"Kalina, Martin",for
9-17,"Kalina, Martin",for
9-18,"Kalina, Martin",for
9-19,"Kalina, Martin",for
9-20,"Kalina, Martin",for
9-21,"Kalina, Martin",for
9-22,"Kalina, Martin",for
9-23,"Kalina, Martin",for
9-24,"Kalina, Martin",for
9-25,"Kalina, Martin",for
9-26,"Kalina, Martin",for
9-27,"Kalina, Martin",for
9-28,"Kalina, Martin",for
9-29,"Kalina, Martin",for
9-30,"Kalina, Martin",for
9-31,"Kalina, Martin",for
9-32,"Kalina, Martin",for
9-33,"Kalina, Martin",for
9-34,"Kalina, Martin",for
9-35,"Kalina, Martin",for
9-36,"Kalina, Martin",for
9-37,"Kalina, Martin",for
9-38,"Kalina, Martin",for
10-1,"Kalina, Martin",for
10-2,"Kalina, Martin",not voting
10-3,"Kalina, Martin",for
10-4,"Kalina, Martin",for
10-5,"Kalina, Martin",for
10-6,"Kalina, Martin",for
10-7,"Kalina, Martin",for
10-8,"Kalina, Martin",for
10-9,"Kalina, Martin",for
10-10,"Kalina, Martin",for
10-11,"Kalina, Martin",for
10-12,"Kalina, Martin",for
10-13,"Kalina, Martin",for
10-14,"Kalina, Martin",for
10-15,"Kalina, Martin",for
10-16,"Kalina, Martin",against
11-1,"Kalina, Martin",absent
11-2,"Kalina, Martin",absent
11-3,"Kalina, Martin",absent
11-4,"Kalina, Martin",absent
11-5,"Kalina, Martin",absent
11-6,"Kalina, Martin",absent
11-7,"Kalina, Martin",absent
11-8,"Kalina, Martin",absent
11-9,"Kalina, Martin",absent
11-10,"Kalina, Martin",absent
11-11,"Kalina, Martin",absent
11-12,"Kalina, Martin",absent
11-13,"Kalina, Martin",absent
11-14,"Kalina, Martin",absent
11-15,"Kalina, Martin",absent
11-16,"Kalina, Martin",absent
8-1,"Kantor, Vladimír",for
8-2,"Kantor, Vladimír",for
8-3,"Kantor, Vladimír",for
8-4,"Kantor, Vladimír",for
8-5,"Kantor, Vladimír",for
8-6,"Kantor, Vladimír",for
8-7,"Kantor, Vladimír",for
8-8,"Kantor, Vladimír",for
8-9,"Kantor, Vladimír",for
8-10,"Kantor, Vladimír",for
8-11,"Kantor, Vladimír",for
8-12,"Kantor, Vladimír",for
8-13,"Kantor, Vladimír",for
8-14,"Kantor, Vladimír",for
8-15,"Kantor, Vladimír",for
8-16,"Kantor, Vladimír",for
8-17,"Kantor, Vladimír",for
8-18,"Kantor, Vladimír",for
8-19,"Kantor, Vladimír",for
8-20,"Kantor, Vladimír",for
8-21,"Kantor, Vladimír",for
8-22,"Kantor, Vladimír",for
8-23,"Kantor, Vladimír",for
8-24,"Kantor, Vladimír",for
8-25,"Kantor, Vladimír",for
8-26,"Kantor, Vladimír",for
8-27,"Kantor, Vladimír",for
8-28,"Kantor, Vladimír",for
8-29,"Kantor, Vladimír",for
8-30,"Kantor, Vladimír",for
8-31,"Kantor, Vladimír",for
8-32,"Kantor, Vladimír",for
8-33,"Kantor, Vladimír",for
8-34,"Kantor, Vladimír",for
8-35,"Kantor, Vladimír",for
8-36,"Kantor, Vladimír",for
8-37,"Kantor, Vladimír",for
8-38,"Kantor, Vladimír",for
8-39,"Kantor, Vladimír",for
8-40,"Kantor, Vladimír",for
8-41,"Kantor, Vladimír",for
9-1,"Kantor, Vladimír",for
9-2,"Kantor, Vladimír",for
9-3,"Kantor, Vladimír",for
9-4,"Kantor, Vladimír",for
9-5,"Kantor, Vladimír",for
9-6,"Kantor, Vladimír",for
9-7,"Kantor, Vladimír",for
9-8,"Kantor, Vladimír",for
9-9,"Kantor, Vladimír",for
9-10,"Kantor, Vladimír",for
9-11,"Kantor, Vladimír",for
9-12,"Kantor, Vladimír",for
9-13,"Kantor, Vladimír",for
9-14,"Kantor, Vladimír",for
9-15,"Kantor, Vladimír",for
9-16,"Kantor, Vladimír",for
9-17,"Kantor, Vladimír",for
9-18,"Kantor, Vladimír",for
9-19,"Kantor, Vladimír",for
9-20,"Kantor, Vladimír",for
9-21,"Kantor, Vladimír",for
9-22,"Kantor, Vladimír",for
9-23,"Kantor, Vladimír",for
9-24,"Kantor, Vladimír",for
9-25,"Kantor, Vladimír",for
9-26,"Kantor, Vladimír",for
9-27,"Kantor, Vladimír",for
9-28,"Kantor, Vladimír",for
9-29,"Kantor, Vladimír",for
9-30,"Kantor, Vladimír",for
9-31,"Kantor, Vladimír",for
9-32,"Kantor, Vladimír",for
9-33,"Kantor, Vladimír",for
9-34,"Kantor, Vladimír",for
9-35,"Kantor, Vladimír",for
9-36,"Kantor, Vladimír",for
9-37,"Kantor, Vladimír",for
9-38,"Kantor, Vladimír",for
10-1,"Kantor, Vladimír",for
10-2,"Kantor, Vladimír",for
10-3,"Kantor, Vladimír",for
10-4,"Kantor, Vladimír",for
10-5,"Kantor, Vladimír",for
10-6,"Kantor, Vladimír",for
10-7,"Kantor, Vladimír",for
10-8,"Kantor, Vladimír",for
10-9,"Kantor, Vladimír",for
10-10,"Kantor, Vladimír",for
10-11,"Kantor, Vladimír",for
10-12,"Kantor, Vladimír",for
10-13,"Kantor, Vladimír",for
10-14,"Kantor, Vladimír",for
10-15,"Kantor, Vladimír",for
10-16,"Kantor, Vladimír",for
11-1,"Kantor, Vladimír",for
11-2,"Kantor, Vladimír",for
11-3,"Kantor, Vladimír",for
11-4,"Kantor, Vladimír",for
11-5,"Kantor, Vladimír",for
11-6,"Kantor, Vladimír",for
11-7,"Kantor, Vladimír",for
11-8,"Kantor, Vladimír",for
11-9,"Kantor, Vladimír",for
11-10,"Kantor, Vladimír",for
11-11,"Kantor, Vladimír",abstain
11-12,"Kantor, Vladimír",for
11-13,"Kantor, Vladimír",for
11-14,"Kantor, Vladimír",for
11-15,"Kantor, Vladimír",for
11-16,"Kantor, Vladimír",for
8-1,"Knotek, Ondøej",for
8-2,"Knotek, Ondøej",for
8-3,"Knotek, Ondøej",for
8-4,"Knotek, Ondøej",for
8-5,"Knotek, Ondøej",for
8-6,"Knotek, Ondøej",for
8-7,"Knotek, Ondøej",for
8-8,"Knotek, Ondøej",for
8-9,"Knotek, Ondøej",for
8-10,"Knotek, Ondøej",for
8-11,"Knotek, Ondøej",for
8-12,"Knotek, Ondøej",for
8-13,"Knotek, Ondøej",for
8-14,"Knotek, Ondøej",for
8-15,"Knotek, Ondøej",for
8-16,"Knotek, Ondøej",for
8-17,"Knotek, Ondøej",for
8-18,"Knotek, Ondøej",for
8-19,"Knotek, Ondøej",for
8-20,"Knotek, Ondøej",for
8-21,"Knotek, Ondøej",for
8-22,"Knotek, Ondøej",for
8-23,"Knotek, Ondøej",for
8-24,"Knotek, Ondøej",for
8-25,"Knotek, Ondøej",for
8-26,"Knotek, Ondøej",for
8-27,"Knotek, Ondøej",for
8-28,"Knotek, Ondøej",for
8-29,"Knotek, Ondøej",for
8-30,"Knotek, Ondøej",for
8-31,"Knotek, Ondøej",for
8-32,"Knotek, Ondøej",for
8-33,"Knotek, Ondøej",for
8-34,"Knotek, Ondøej",for
8-35,"Knotek, Ondøej",for
8-36,"Knotek, Ondøej",for
8-37,"Knotek, Ondøej",for
8-38,"Knotek, Ondøej",for
8-39,"Knotek, Ondøej",for
8-40,"Knotek, Ondøej",for
8-41,"Knotek, Ondøej",for
9-1,"Knotek, Ondøej",for
9-2,"Knotek, Ondøej",for
9-3,"Knotek, Ondøej",for
9-4,"Knotek, Ondøej",for
9-5,"Knotek, Ondøej",for
9-6,"Knotek, Ondøej",for
9-7,"Knotek, Ondøej",for
9-8,"Knotek, Ondøej",for
9-9,"Knotek, Ondøej",for
9-10,"Knotek, Ondøej",for
9-11,"Knotek, Ondøej",for
9-12,"Knotek, Ondøej",for
9-13,"Knotek, Ondøej",for
9-14,"Knotek, Ondøej",for
9-15,"Knotek, Ondøej",for
9-16,"Knotek, Ondøej",for
9-17,"Knotek, Ondøej",for
9-18,"Knotek, Ondøej",for
9-19,"Knotek, Ondøej",for
9-20,"Knotek, Ondøej",for
9-21,"Knotek, Ondøej",for
9-22,"Knotek, Ondøej",for
9-23,"Knotek, Ondøej",for
9-24,"Knotek, Ondøej",for
9-25,"Knotek, Ondøej",for
9-26,"Knotek, Ondøej",for
9-27,"Knotek, Ondøej",for
9-28,"Knotek, Ondøej",for
9-29,"Knotek, Ondøej",for
9-30,"Knotek, Ondøej",for
9-31,"Knotek, Ondøej",for
9-32,"Knotek, Ondøej",for
9-33,"Knotek, Ondøej",for
9-34,"Knotek, Ondøej",for
9-35,"Knotek, Ondøej",for
9-36,"Knotek, Ondøej",for
9-37,"Knotek, Ondøej",for
9-38,"Knotek, Ondøej",for
10-1,"Knotek, Ondøej",absent
10-2,"Knotek, Ondøej",absent
10-3,"Knotek, Ondøej",absent
10-4,"Knotek, Ondøej",absent
10-5,"Knotek, Ondøej",absent
10-6,"Knotek, Ondøej",absent
10-7,"Knotek, Ondøej",absent
10-8,"Knotek, Ondøej",absent
10-9,"Knotek, Ondøej",absent
10-10,"Knotek, Ondøej",absent
10-11,"Knotek, Ondøej",absent
10-12,"Knotek, Ondøej",absent
10-13,"Knotek, Ondøej",absent
10-14,"Knotek, Ondøej",absent
10-15,"Knotek, Ondøej",absent
10-16,"Knotek, Ondøej",absent
11-1,"Knotek, Ondøej",for
11-2,"Knotek, Ondøej",for
11-3,"Knotek, Ondøej",for
11-4,"Knotek, Ondøej",for
11-5,"Knotek, Ondøej",for
11-6,"Knotek, Ondøej",for
11-7,"Knotek, Ondøej",for
11-8,"Knotek, Ondøej",abstain
11-9,"Knotek, Ondøej",for
11-10,"Knotek, Ondøej",for
11-11,"Knotek, Ondøej",for
11-12,"Knotek, Ondøej",for
11-13,"Knotek, Ondøej",for
11-14,"Knotek, Ondøej",for
11-15,"Knotek, Ondøej",for
11-16,"Knotek, Ondøej",absent
8-1,"Míka, Miroslav",for
8-2,"Míka, Miroslav",for
8-3,"Míka, Miroslav",for
8-4,"Míka, Miroslav",abstain
8-5,"Míka, Miroslav",for
8-6,"Míka, Miroslav",for
8-7,"Míka, Miroslav",for
8-8,"Míka, Miroslav",for
8-9,"Míka, Miroslav",for
8-10,"Míka, Miroslav",for
8-11,"Míka, Miroslav",for
8-12,"Míka, Miroslav",for
8-13,"Míka, Miroslav",for
8-14,"Míka, Miroslav",for
8-15,"Míka, Miroslav",for
8-16,"Míka, Miroslav",for
8-17,"Míka, Miroslav",abstain
8-18,"Míka, Miroslav",for
8-19,"Míka, Miroslav",for
8-20,"Míka, Miroslav",for
8-21,"Míka, Miroslav",for
8-22,"Míka, Miroslav",for
8-23,"Míka, Miroslav",for
8-24,"Míka, Miroslav",for
8-25,"Míka, Miroslav",for
8-26,"Míka, Miroslav",for
8-27,"Míka, Miroslav",for
8-28,"Míka, Miroslav",for
8-29,"Míka, Miroslav",for
8-30,"Míka, Miroslav",for
8-31,"Míka, Miroslav",for
8-32,"Míka, Miroslav",for
8-33,"Míka, Miroslav",for
8-34,"Míka, Miroslav",abstain
8-35,"Míka, Miroslav",for
8-36,"Míka, Miroslav",for
8-37,"Míka, Miroslav",for
8-38,"Míka, Miroslav",for
8-39,"Míka, Miroslav",for
8-40,"Míka, Miroslav",for
8-41,"Míka, Miroslav",for
9-1,"Míka, Miroslav",for
9-2,"Míka, Miroslav",against
9-3,"Míka, Miroslav",for
9-4,"Míka, Miroslav",for
9-5,"Míka, Miroslav",for
9-6,"Míka, Miroslav",for
9-7,"Míka, Miroslav",for
9-8,"Míka, Miroslav",for
9-9,"Míka, Miroslav",abstain
9-10,"Míka, Miroslav",for
9-11,"Míka, Miroslav",for
9-12,"Míka, Miroslav",for
9-13,"Míka, Miroslav",for
9-14,"Míka, Miroslav",for
9-15,"Míka, Miroslav",for
9-16,"Míka, Miroslav",for
9-17,"Míka, Miroslav",abstain
9-18,"Míka, Miroslav",for
9-19,"Míka, Miroslav",for
9-20,"Míka, Miroslav",for
9-21,"Míka, Miroslav",for
9-22,"Míka, Miroslav",for
9-23,"Míka, Miroslav",for
9-24,"Míka, Miroslav",for
9-25,"Míka, Miroslav",for
9-26,"Míka, Miroslav",for
9-27,"Míka, Miroslav",for
9-28,"Míka, Miroslav",for
9-29,"Míka, Miroslav",for
9-30,"Míka, Miroslav",for
9-31,"Míka, Miroslav",for
9-32,"Míka, Miroslav",for
9-33,"Míka, Miroslav",for
9-34,"Míka, Miroslav",for
9-35,"Míka, Miroslav",for
9-36,"Míka, Miroslav",for
9-37,"Míka, Miroslav",for
9-38,"Míka, Miroslav",for
10-1,"Míka, Miroslav",for
10-2,"Míka, Miroslav",for
10-3,"Míka, Miroslav",abstain
10-4,"Míka, Miroslav",for
10-5,"Míka, Miroslav",for
10-6,"Míka, Miroslav",for
10-7,"Míka, Miroslav",for
10-8,"Míka, Miroslav",for
10-9,"Míka, Miroslav",for
10-10,"Míka, Miroslav",for
10-11,"Míka, Miroslav",for
10-12,"Míka, Miroslav",for
10-13,"Míka, Miroslav",abstain
10-14,"Míka, Miroslav",for
10-15,"Míka, Miroslav",for
10-16,"Míka, Miroslav",abstain
11-1,"Míka, Miroslav",for
11-2,"Míka, Miroslav",for
11-3,"Míka, Miroslav",for
11-4,"Míka, Miroslav",for
11-5,"Míka, Miroslav",for
11-6,"Míka, Miroslav",for
11-7,"Míka, Miroslav",for
11-8,"Míka, Miroslav",abstain
11-9,"Míka, Miroslav",for
11-10,"Míka, Miroslav",for
11-11,"Míka, Miroslav",for
11-12,"Míka, Miroslav",for
11-13,"Míka, Miroslav",for
11-14,"Míka, Miroslav",for
11-15,"Míka, Miroslav",for
11-16,"Míka, Miroslav",for
8-1,"Miklušák, Pavel",for
8-2,"Miklušák, Pavel",for
8-3,"Miklušák, Pavel",against
8-4,"Miklušák, Pavel",abstain
8-5,"Miklušák, Pavel",abstain
8-6,"Miklušák, Pavel",for
8-7,"Miklušák, Pavel",for
8-8,"Miklušák, Pavel",for
8-9,"Miklušák, Pavel",for
8-10,"Miklušák, Pavel",for
8-11,"Miklušák, Pavel",for
8-12,"Miklušák, Pavel",abstain
8-13,"Miklušák, Pavel",for
8-14,"Miklušák, Pavel",for
8-15,"Miklušák, Pavel",abstain
8-16,"Miklušák, Pavel",for
8-17,"Miklušák, Pavel",against
8-18,"Miklušák, Pavel",for
8-19,"Miklušák, Pavel",for
8-20,"Miklušák, Pavel",for
8-21,"Miklušák, Pavel",for
8-22,"Miklušák, Pavel",for
8-23,"Miklušák, Pavel",for
8-24,"Miklušák, Pavel",for
8-25,"Miklušák, Pavel",for
8-26,"Miklušák, Pavel",for
8-27,"Miklušák, Pavel",for
8-28,"Miklušák, Pavel",for
8-29,"Miklušák, Pavel",for
8-30,"Miklušák, Pavel",for
8-31,"Miklušák, Pavel",for
8-32,"Miklušák, Pavel",for
8-33,"Miklušák, Pavel",for
8-34,"Miklušák, Pavel",abstain
8-35,"Miklušák, Pavel",for
8-36,"Miklušák, Pavel",for
8-37,"Miklušák, Pavel",for
8-38,"Miklušák, Pavel",for
8-39,"Miklušák, Pavel",for
8-40,"Miklušák, Pavel",for
8-41,"Miklušák, Pavel",for
9-1,"Miklušák, Pavel",absent
9-2,"Miklušák, Pavel",absent
9-3,"Miklušák, Pavel",absent
9-4,"Miklušák, Pavel",absent
9-5,"Miklušák, Pavel",absent
9-6,"Miklušák, Pavel",absent
9-7,"Miklušák, Pavel",absent
9-8,"Miklušák, Pavel",absent
9-9,"Miklušák, Pavel",absent
9-10,"Miklušák, Pavel",absent
9-11,"Miklušák, Pavel",absent
9-12,"Miklušák, Pavel",absent
9-13,"Miklušák, Pavel",absent
9-14,"Miklušák, Pavel",absent
9-15,"Miklušák, Pavel",absent
9-16,"Miklušák, Pavel",absent
9-17,"Miklušák, Pavel",absent
9-18,"Miklušák, Pavel",absent
9-19,"Miklušák, Pavel",absent
9-20,"Miklušák, Pavel",absent
9-21,"Miklušák, Pavel",absent
9-22,"Miklušák, Pavel",absent
9-23,"Miklušák, Pavel",absent
9-24,"Miklušák, Pavel",absent
9-25,"Miklušák, Pavel",absent
9-26,"Miklušák, Pavel",absent
9-27,"Miklušák, Pavel",absent
9-28,"Miklušák, Pavel",absent
9-29,"Miklušák, Pavel",absent
9-30,"Miklušák, Pavel",absent
9-31,"Miklušák, Pavel",absent
9-32,"Miklušák, Pavel",absent
9-33,"Miklušák, Pavel",absent
9-34,"Miklušák, Pavel",absent
9-35,"Miklušák, Pavel",absent
9-36,"Miklušák, Pavel",absent
9-37,"Miklušák, Pavel",absent
9-38,"Miklušák, Pavel",absent
10-1,"Miklušák, Pavel",for
10-2,"Miklušák, Pavel",for
10-3,"Miklušák, Pavel",for
10-4,"Miklušák, Pavel",for
10-5,"Miklušák, Pavel",for
10-6,"Miklušák, Pavel",for
10-7,"Miklušák, Pavel",for
10-8,"Miklušák, Pavel",for
10-9,"Miklušák, Pavel",abstain
10-10,"Miklušák, Pavel",for
10-11,"Miklušák, Pavel",for
10-12,"Miklušák, Pavel",for
10-13,"Miklušák, Pavel",for
10-14,"Miklušák, Pavel",for
10-15,"Miklušák, Pavel",for
10-16,"Miklušák, Pavel",against
11-1,"Miklušák, Pavel",for
11-2,"Miklušák, Pavel",for
11-3,"Miklušák, Pavel",for
11-4,"Miklušák, Pavel",for
11-5,"Miklušák, Pavel",not voting
11-6,"Miklušák, Pavel",for
11-7,"Miklušák, Pavel",for
11-8,"Miklušák, Pavel",for
11-9,"Miklušák, Pavel",for
11-10,"Miklušák, Pavel",for
11-11,"Miklušák, Pavel",for
11-12,"Miklušák, Pavel",for
11-13,"Miklušák, Pavel",for
11-14,"Miklušák, Pavel",for
11-15,"Miklušák, Pavel",for
11-16,"Miklušák, Pavel",for
8-1,"Mottlová, Ivana",for
8-2,"Mottlová, Ivana",for
8-3,"Mottlová, Ivana",for
8-4,"Mottlová, Ivana",for
8-5,"Mottlová, Ivana",for
8-6,"Mottlová, Ivana",for
8-7,"Mottlová, Ivana",for
8-8,"Mottlová, Ivana",for
8-9,"Mottlová, Ivana",for
8-10,"Mottlová, Ivana",for
8-11,"Mottlová, Ivana",for
8-12,"Mottlová, Ivana",for
8-13,"Mottlová, Ivana",for
8-14,"Mottlová, Ivana",for
8-15,"Mottlová, Ivana",for
8-16,"Mottlová, Ivana",for
8-17,"Mottlová, Ivana",for
8-18,"Mottlová, Ivana",for
8-19,"Mottlová, Ivana",for
8-20,"Mottlová, Ivana",for
8-21,"Mottlová, Ivana",for
8-22,"Mottlová, Ivana",for
8-23,"Mottlová, Ivana",for
8-24,"Mottlová, Ivana",for
8-25,"Mottlová, Ivana",for
8-26,"Mottlová, Ivana",for
8-27,"Mottlová, Ivana",for
8-28,"Mottlová, Ivana",for
8-29,"Mottlová, Ivana",for
8-30,"Mottlová, Ivana",for
8-31,"Mottlová, Ivana",for
8-32,"Mottlová, Ivana",for
8-33,"Mottlová, Ivana",for
8-34,"Mottlová, Ivana",for
8-35,"Mottlová, Ivana",for
8-36,"Mottlová, Ivana",for
8-37,"Mottlová, Ivana",for
8-38,"Mottlová, Ivana",for
8-39,"Mottlová, Ivana",for
8-40,"Mottlová, Ivana",for
8-41,"Mottlová, Ivana",for
9-1,"Mottlová, Ivana",for
9-2,"Mottlová, Ivana",for
9-3,"Mottlová, Ivana",for
9-4,"Mottlová, Ivana",for
9-5,"Mottlová, Ivana",for
9-6,"Mottlová, Ivana",for
9-7,"Mottlová, Ivana",for
9-8,"Mottlová, Ivana",for
9-9,"Mottlová, Ivana",for
9-10,"Mottlová, Ivana",for
9-11,"Mottlová, Ivana",for
9-12,"Mottlová, Ivana",for
9-13,"Mottlová, Ivana",for
9-14,"Mottlová, Ivana",for
9-15,"Mottlová, Ivana",for
9-16,"Mottlová, Ivana",for
9-17,"Mottlová, Ivana",for
9-18,"Mottlová, Ivana",for
9-19,"Mottlová, Ivana",for
9-20,"Mottlová, Ivana",for
9-21,"Mottlová, Ivana",for
9-22,"Mottlová, Ivana",for
9-23,"Mottlová, Ivana",for
9-24,"Mottlová, Ivana",for
9-25,"Mottlová, Ivana",for
9-26,"Mottlová, Ivana",for
9-27,"Mottlová, Ivana",for
9-28,"Mottlová, Ivana",for
9-29,"Mottlová, Ivana",for
9-30,"Mottlová, Ivana",for
9-31,"Mottlová, Ivana",for
9-32,"Mottlová, Ivana",for
9-33,"Mottlová, Ivana",for
9-34,"Mottlová, Ivana",for
9-35,"Mottlová, Ivana",for
9-36,"Mottlová, Ivana",for
9-37,"Mottlová, Ivana",for
9-38,"Mottlová, Ivana",for
10-1,"Mottlová, Ivana",for
10-2,"Mottlová, Ivana",for
10-3,"Mottlová, Ivana",for
10-4,"Mottlová, Ivana",for
10-5,"Mottlová, Ivana",for
10-6,"Mottlová, Ivana",for
10-7,"Mottlová, Ivana",for
10-8,"Mottlová, Ivana",for
10-9,"Mottlová, Ivana",for
10-10,"Mottlová, Ivana",for
10-11,"Mottlová, Ivana",for
10-12,"Mottlová, Ivana",for
10-13,"Mottlová, Ivana",for
10-14,"Mottlová, Ivana",for
10-15,"Mottlová, Ivana",for
10-16,"Mottlová, Ivana",for
11-1,"Mottlová, Ivana",for
11-2,"Mottlová, Ivana",for
11-3,"Mottlová, Ivana",for
11-4,"Mottlová, Ivana",for
11-5,"Mottlová, Ivana",for
11-6,"Mottlová, Ivana",for
11-7,"Mottlová, Ivana",for
11-8,"Mottlová, Ivana",for
11-9,"Mottlová, Ivana",for
11-10,"Mottlová, Ivana",for
11-11,"Mottlová, Ivana",for
11-12,"Mottlová, Ivana",for
11-13,"Mottlová, Ivana",for
11-14,"Mottlová, Ivana",for
11-15,"Mottlová, Ivana",for
11-16,"Mottlová, Ivana",for
8-1,"Nìmec, Josef",for
8-2,"Nìmec, Josef",for
8-3,"Nìmec, Josef",for
8-4,"Nìmec, Josef",abstain
8-5,"Nìmec, Josef",abstain
8-6,"Nìmec, Josef",for
8-7,"Nìmec, Josef",for
8-8,"Nìmec, Josef",for
8-9,"Nìmec, Josef",for
8-10,"Nìmec, Josef",for
8-11,"Nìmec, Josef",for
8-12,"Nìmec, Josef",for
8-13,"Nìmec, Josef",for
8-14,"Nìmec, Josef",for
8-15,"Nìmec, Josef",abstain
8-16,"Nìmec, Josef",for
8-17,"Nìmec, Josef",for
8-18,"Nìmec, Josef",for
8-19,"Nìmec, Josef",for
8-20,"Nìmec, Josef",for
8-21,"Nìmec, Josef",for
8-22,"Nìmec, Josef",for
8-23,"Nìmec, Josef",for
8-24,"Nìmec, Josef",for
8-25,"Nìmec, Josef",for
8-26,"Nìmec, Josef",for
8-27,"Nìmec, Josef",for
8-28,"Nìmec, Josef",for
8-29,"Nìmec, Josef",for
8-30,"Nìmec, Josef",for
8-31,"Nìmec, Josef",for
8-32,"Nìmec, Josef",for
8-33,"Nìmec, Josef",for
8-34,"Nìmec, Josef",for
8-35,"Nìmec, Josef",for
8-36,"Nìmec, Josef",for
8-37,"Nìmec, Josef",for
8-38,"Nìmec, Josef",for
8-39,"Nìmec, Josef",for
8-40,"Nìmec, Josef",for
8-41,"Nìmec, Josef",for
9-1,"Nìmec, Josef",for
9-2,"Nìmec, Josef",for
9-3,"Nìmec, Josef",for
9-4,"Nìmec, Josef",for
9-5,"Nìmec, Josef",for
9-6,"Nìmec, Josef",for
9-7,"Nìmec, Josef",for
9-8,"Nìmec, Josef",for
9-9,"Nìmec, Josef",for
9-10,"Nìmec, Josef",abstain
9-11,"Nìmec, Josef",for
9-12,"Nìmec, Josef",for
9-13,"Nìmec, Josef",for
9-14,"Nìmec, Josef",for
9-15,"Nìmec, Josef",for
9-16,"Nìmec, Josef",for
9-17,"Nìmec, Josef",for
9-18,"Nìmec, Josef",for
9-19,"Nìmec, Josef",for
9-20,"Nìmec, Josef",for
9-21,"Nìmec, Josef",against
9-22,"Nìmec, Josef",for
9-23,"Nìmec, Josef",for
9-24,"Nìmec, Josef",for
9-25,"Nìmec, Josef",for
9-26,"Nìmec, Josef",for
9-27,"Nìmec, Josef",for
9-28,"Nìmec, Josef",for
9-29,"Nìmec, Josef",for
9-30,"Nìmec, Josef",for
9-31,"Nìmec, Josef",not voting
9-32,"Nìmec, Josef",for
9-33,"Nìmec, Josef",for
9-34,"Nìmec, Josef",for
9-35,"Nìmec, Josef",for
9-36,"Nìmec, Josef",for
9-37,"Nìmec, Josef",for
9-38,"Nìmec, Josef",for
10-1,"Nìmec, Josef",for
10-2,"Nìmec, Josef",abstain
10-3,"Nìmec, Josef",abstain
10-4,"Nìmec, Josef",for
10-5,"Nìmec, Josef",for
10-6,"Nìmec, Josef",for
10-7,"Nìmec, Josef",abstain
10-8,"Nìmec, Josef",for
10-9,"Nìmec, Josef",abstain
10-10,"Nìmec, Josef",not voting
10-11,"Nìmec, Josef",for
10-12,"Nìmec, Josef",for
10-13,"Nìmec, Josef",for
10-14,"Nìmec, Josef",for
10-15,"Nìmec, Josef",for
10-16,"Nìmec, Josef",against
11-1,"Nìmec, Josef",for
11-2,"Nìmec, Josef",against
11-3,"Nìmec, Josef",for
11-4,"Nìmec, Josef",not voting
11-5,"Nìmec, Josef",not voting
11-6,"Nìmec, Josef",for
11-7,"Nìmec, Josef",for
11-8,"Nìmec, Josef",for
11-9,"Nìmec, Josef",for
11-10,"Nìmec, Josef",for
11-11,"Nìmec, Josef",for
11-12,"Nìmec, Josef",for
11-13,"Nìmec, Josef",for
11-14,"Nìmec, Josef",for
11-15,"Nìmec, Josef",for
11-16,"Nìmec, Josef",for
8-1,"Pelc, Miloslav",absent
8-2,"Pelc, Miloslav",absent
8-3,"Pelc, Miloslav",absent
8-4,"Pelc, Miloslav",absent
8-5,"Pelc, Miloslav",absent
8-6,"Pelc, Miloslav",absent
8-7,"Pelc, Miloslav",absent
8-8,"Pelc, Miloslav",absent
8-9,"Pelc, Miloslav",absent
8-10,"Pelc, Miloslav",absent
8-11,"Pelc, Miloslav",absent
8-12,"Pelc, Miloslav",absent
8-13,"Pelc, Miloslav",absent
8-14,"Pelc, Miloslav",absent
8-15,"Pelc, Miloslav",absent
8-16,"Pelc, Miloslav",absent
8-17,"Pelc, Miloslav",absent
8-18,"Pelc, Miloslav",absent
8-19,"Pelc, Miloslav",absent
8-20,"Pelc, Miloslav",absent
8-21,"Pelc, Miloslav",absent
8-22,"Pelc, Miloslav",absent
8-23,"Pelc, Miloslav",absent
8-24,"Pelc, Miloslav",absent
8-25,"Pelc, Miloslav",absent
8-26,"Pelc, Miloslav",absent
8-27,"Pelc, Miloslav",absent
8-28,"Pelc, Miloslav",absent
8-29,"Pelc, Miloslav",absent
8-30,"Pelc, Miloslav",absent
8-31,"Pelc, Miloslav",absent
8-32,"Pelc, Miloslav",absent
8-33,"Pelc, Miloslav",absent
8-34,"Pelc, Miloslav",absent
8-35,"Pelc, Miloslav",absent
8-36,"Pelc, Miloslav",absent
8-37,"Pelc, Miloslav",absent
8-38,"Pelc, Miloslav",absent
8-39,"Pelc, Miloslav",absent
8-40,"Pelc, Miloslav",absent
8-41,"Pelc, Miloslav",absent
9-1,"Pelc, Miloslav",for
9-2,"Pelc, Miloslav",for
9-3,"Pelc, Miloslav",for
9-4,"Pelc, Miloslav",for
9-5,"Pelc, Miloslav",for
9-6,"Pelc, Miloslav",for
9-7,"Pelc, Miloslav",for
9-8,"Pelc, Miloslav",for
9-9,"Pelc, Miloslav",for
9-10,"Pelc, Miloslav",for
9-11,"Pelc, Miloslav",for
9-12,"Pelc, Miloslav",for
9-13,"Pelc, Miloslav",for
9-14,"Pelc, Miloslav",for
9-15,"Pelc, Miloslav",for
9-16,"Pelc, Miloslav",for
9-17,"Pelc, Miloslav",for
9-18,"Pelc, Miloslav",for
9-19,"Pelc, Miloslav",for
9-20,"Pelc, Miloslav",for
9-21,"Pelc, Miloslav",for
9-22,"Pelc, Miloslav",for
9-23,"Pelc, Miloslav",for
9-24,"Pelc, Miloslav",for
9-25,"Pelc, Miloslav",for
9-26,"Pelc, Miloslav",for
9-27,"Pelc, Miloslav",not voting
9-28,"Pelc, Miloslav",against
9-29,"Pelc, Miloslav",for
9-30,"Pelc, Miloslav",for
9-31,"Pelc, Miloslav",for
9-32,"Pelc, Miloslav",for
9-33,"Pelc, Miloslav",for
9-34,"Pelc, Miloslav",for
9-35,"Pelc, Miloslav",for
9-36,"Pelc, Miloslav",for
9-37,"Pelc, Miloslav",for
9-38,"Pelc, Miloslav",for
10-1,"Pelc, Miloslav",absent
10-2,"Pelc, Miloslav",absent
10-3,"Pelc, Miloslav",absent
10-4,"Pelc, Miloslav",absent
10-5,"Pelc, Miloslav",absent
10-6,"Pelc, Miloslav",absent
10-7,"Pelc, Miloslav",absent
10-8,"Pelc, Miloslav",absent
10-9,"Pelc, Miloslav",absent
10-10,"Pelc, Miloslav",absent
10-11,"Pelc, Miloslav",absent
10-12,"Pelc, Miloslav",absent
10-13,"Pelc, Miloslav",absent
10-14,"Pelc, Miloslav",absent
10-15,"Pelc, Miloslav",absent
10-16,"Pelc, Miloslav",absent
11-1,"Pelc, Miloslav",not voting
11-2,"Pelc, Miloslav",for
11-3,"Pelc, Miloslav",for
11-4,"Pelc, Miloslav",for
11-5,"Pelc, Miloslav",for
11-6,"Pelc, Miloslav",for
11-7,"Pelc, Miloslav",for
11-8,"Pelc, Miloslav",for
11-9,"Pelc, Miloslav",for
11-10,"Pelc, Miloslav",for
11-11,"Pelc, Miloslav",abstain
11-12,"Pelc, Miloslav",for
11-13,"Pelc, Miloslav",for
11-14,"Pelc, Miloslav",for
11-15,"Pelc, Miloslav",for
11-16,"Pelc, Miloslav",for
8-1,"Øíha, Pavel",for
8-2,"Øíha, Pavel",for
8-3,"Øíha, Pavel",for
8-4,"Øíha, Pavel",for
8-5,"Øíha, Pavel",for
8-6,"Øíha, Pavel",for
8-7,"Øíha, Pavel",for
8-8,"Øíha, Pavel",for
8-9,"Øíha, Pavel",for
8-10,"Øíha, Pavel",for
8-11,"Øíha, Pavel",for
8-12,"Øíha, Pavel",for
8-13,"Øíha, Pavel",for
8-14,"Øíha, Pavel",for
8-15,"Øíha, Pavel",for
8-16,"Øíha, Pavel",for
8-17,"Øíha, Pavel",for
8-18,"Øíha, Pavel",for
8-19,"Øíha, Pavel",for
8-20,"Øíha, Pavel",for
8-21,"Øíha, Pavel",for
8-22,"Øíha, Pavel",for
8-23,"Øíha, Pavel",for
8-24,"Øíha, Pavel",for
8-25,"Øíha, Pavel",for
8-26,"Øíha, Pavel",for
8-27,"Øíha, Pavel",for
8-28,"Øíha, Pavel",for
8-29,"Øíha, Pavel",for
8-30,"Øíha, Pavel",for
8-31,"Øíha, Pavel",for
8-32,"Øíha, Pavel",abstain
8-33,"Øíha, Pavel",for
8-34,"Øíha, Pavel",for
8-35,"Øíha, Pavel",for
8-36,"Øíha, Pavel",for
8-37,"Øíha, Pavel",for
8-38,"Øíha, Pavel",for
8-39,"Øíha, Pavel",for
8-40,"Øíha, Pavel",for
8-41,"Øíha, Pavel",for
9-1,"Øíha, Pavel",for
9-2,"Øíha, Pavel",for
9-3,"Øíha, Pavel",for
9-4,"Øíha, Pavel",for
9-5,"Øíha, Pavel",for
9-6,"Øíha, Pavel",for
9-7,"Øíha, Pavel",for
9-8,"Øíha, Pavel",for
9-9,"Øíha, Pavel",for
9-10,"Øíha, Pavel",for
9-11,"Øíha, Pavel",for
9-12,"Øíha, Pavel",for
9-13,"Øíha, Pavel",for
9-14,"Øíha, Pavel",for
9-15,"Øíha, Pavel",for
9-16,"Øíha, Pavel",for
9-17,"Øíha, Pavel",for
9-18,"Øíha, Pavel",for
9-19,"Øíha, Pavel",for
9-20,"Øíha, Pavel",not voting
9-21,"Øíha, Pavel",for
9-22,"Øíha, Pavel",for
9-23,"Øíha, Pavel",for
9-24,"Øíha, Pavel",for
9-25,"Øíha, Pavel",for
9-26,"Øíha, Pavel",for
9-27,"Øíha, Pavel",abstain
9-28,"Øíha, Pavel",for
9-29,"Øíha, Pavel",for
9-30,"Øíha, Pavel",for
9-31,"Øíha, Pavel",for
9-32,"Øíha, Pavel",for
9-33,"Øíha, Pavel",for
9-34,"Øíha, Pavel",for
9-35,"Øíha, Pavel",for
9-36,"Øíha, Pavel",for
9-37,"Øíha, Pavel",for
9-38,"Øíha, Pavel",for
10-1,"Øíha, Pavel",for
10-2,"Øíha, Pavel",for
10-3,"Øíha, Pavel",for
10-4,"Øíha, Pavel",for
10-5,"Øíha, Pavel",for
10-6,"Øíha, Pavel",for
10-7,"Øíha, Pavel",abstain
10-8,"Øíha, Pavel",for
10-9,"Øíha, Pavel",for
10-10,"Øíha, Pavel",for
10-11,"Øíha, Pavel",for
10-12,"Øíha, Pavel",for
10-13,"Øíha, Pavel",for
10-14,"Øíha, Pavel",for
10-15,"Øíha, Pavel",for
10-16,"Øíha, Pavel",for
11-1,"Øíha, Pavel",for
11-2,"Øíha, Pavel",for
11-3,"Øíha, Pavel",for
11-4,"Øíha, Pavel",for
11-5,"Øíha, Pavel",for
11-6,"Øíha, Pavel",for
11-7,"Øíha, Pavel",abstain
11-8,"Øíha, Pavel",for
11-9,"Øíha, Pavel",for
11-10,"Øíha, Pavel",for
11-11,"Øíha, Pavel",abstain
11-12,"Øíha, Pavel",for
11-13,"Øíha, Pavel",for
11-14,"Øíha, Pavel",for
11-15,"Øíha, Pavel",for
11-16,"Øíha, Pavel",for
8-1,"Šimánek, Antonín",for
8-2,"Šimánek, Antonín",for
8-3,"Šimánek, Antonín",for
8-4,"Šimánek, Antonín",for
8-5,"Šimánek, Antonín",for
8-6,"Šimánek, Antonín",for
8-7,"Šimánek, Antonín",for
8-8,"Šimánek, Antonín",for
8-9,"Šimánek, Antonín",for
8-10,"Šimánek, Antonín",for
8-11,"Šimánek, Antonín",for
8-12,"Šimánek, Antonín",for
8-13,"Šimánek, Antonín",for
8-14,"Šimánek, Antonín",for
8-15,"Šimánek, Antonín",for
8-16,"Šimánek, Antonín",for
8-17,"Šimánek, Antonín",for
8-18,"Šimánek, Antonín",for
8-19,"Šimánek, Antonín",for
8-20,"Šimánek, Antonín",for
8-21,"Šimánek, Antonín",for
8-22,"Šimánek, Antonín",for
8-23,"Šimánek, Antonín",for
8-24,"Šimánek, Antonín",for
8-25,"Šimánek, Antonín",for
8-26,"Šimánek, Antonín",for
8-27,"Šimánek, Antonín",for
8-28,"Šimánek, Antonín",for
8-29,"Šimánek, Antonín",for
8-30,"Šimánek, Antonín",for
8-31,"Šimánek, Antonín",abstain
8-32,"Šimánek, Antonín",for
8-33,"Šimánek, Antonín",for
8-34,"Šimánek, Antonín",for
8-35,"Šimánek, Antonín",for
8-36,"Šimánek, Antonín",for
8-37,"Šimánek, Antonín",for
8-38,"Šimánek, Antonín",absent
8-39,"Šimánek, Antonín",for
8-40,"Šimánek, Antonín",for
8-41,"Šimánek, Antonín",for
9-1,"Šimánek, Antonín",for
9-2,"Šimánek, Antonín",for
9-3,"Šimánek, Antonín",for
9-4,"Šimánek, Antonín",for
9-5,"Šimánek, Antonín",for
9-6,"Šimánek, Antonín",for
9-7,"Šimánek, Antonín",abstain
9-8,"Šimánek, Antonín",for
9-9,"Šimánek, Antonín",for
9-10,"Šimánek, Antonín",for
9-11,"Šimánek, Antonín",for
9-12,"Šimánek, Antonín",for
9-13,"Šimánek, Antonín",for
9-14,"Šimánek, Antonín",for
9-15,"Šimánek, Antonín",for
9-16,"Šimánek, Antonín",for
9-17,"Šimánek, Antonín",for
9-18,"Šimánek, Antonín",for
9-19,"Šimánek, Antonín",for
9-20,"Šimánek, Antonín",for
9-21,"Šimánek, Antonín",for
9-22,"Šimánek, Antonín",for
9-23,"Šimánek, Antonín",for
9-24,"Šimánek, Antonín",for
9-25,"Šimánek, Antonín",for
9-26,"Šimánek, Antonín",for
9-27,"Šimánek, Antonín",for
9-28,"Šimánek, Antonín",for
9-29,"Šimánek, Antonín",for
9-30,"Šimánek, Antonín",for
9-31,"Šimánek, Antonín",for
9-32,"Šimánek, Antonín",for
9-33,"Šimánek, Antonín",for
9-34,"Šimánek, Antonín",for
9-35,"Šimánek, Antonín",for
9-36,"Šimánek, Antonín",for
9-37,"Šimánek, Antonín",for
9-38,"Šimánek, Antonín",for
10-1,"Šimánek, Antonín",for
10-2,"Šimánek, Antonín",for
10-3,"Šimánek, Antonín",for
10-4,"Šimánek, Antonín",for
10-5,"Šimánek, Antonín",for
10-6,"Šimánek, Antonín",abstain
10-7,"Šimánek, Antonín",for
10-8,"Šimánek, Antonín",for
10-9,"Šimánek, Antonín",for
10-10,"Šimánek, Antonín",for
10-11,"Šimánek, Antonín",for
10-12,"Šimánek, Antonín",for
10-13,"Šimánek, Antonín",for
10-14,"Šimánek, Antonín",for
10-15,"Šimánek, Antonín",for
10-16,"Šimánek, Antonín",for
11-1,"Šimánek, Antonín",for
11-2,"Šimánek, Antonín",for
11-3,"Šimánek, Antonín",for
11-4,"Šimánek, Antonín",for
11-5,"Šimánek, Antonín",for
11-6,"Šimánek, Antonín",for
11-7,"Šimánek, Antonín",for
11-8,"Šimánek, Antonín",for
11-9,"Šimánek, Antonín",for
11-10,"Šimánek, Antonín",for
11-11,"Šimánek, Antonín",for
11-12,"Šimánek, Antonín",for
11-13,"Šimánek, Antonín",for
11-14,"Šimánek, Antonín",for
11-15,"Šimánek, Antonín",for
11-16,"Šimánek, Antonín",for
8-1,"Šnajdr, Radek",absent
8-2,"Šnajdr, Radek",absent
8-3,"Šnajdr, Radek",absent
8-4,"Šnajdr, Radek",absent
8-5,"Šnajdr, Radek",absent
8-6,"Šnajdr, Radek",absent
8-7,"Šnajdr, Radek",absent
8-8,"Šnajdr, Radek",absent
8-9,"Šnajdr, Radek",absent
8-10,"Šnajdr, Radek",absent
8-11,"Šnajdr, Radek",absent
8-12,"Šnajdr, Radek",absent
8-13,"Šnajdr, Radek",absent
8-14,"Šnajdr, Radek",absent
8-15,"Šnajdr, Radek",absent
8-16,"Šnajdr, Radek",absent
8-17,"Šnajdr, Radek",absent
8-18,"Šnajdr, Radek",absent
8-19,"Šnajdr, Radek",absent
8-20,"Šnajdr, Radek",absent
8-21,"Šnajdr, Radek",absent
8-22,"Šnajdr, Radek",absent
8-23,"Šnajdr, Radek",absent
8-24,"Šnajdr, Radek",absent
8-25,"Šnajdr, Radek",absent
8-26,"Šnajdr, Radek",absent
8-27,"Šnajdr, Radek",absent
8-28,"Šnajdr, Radek",absent
8-29,"Šnajdr, Radek",absent
8-30,"Šnajdr, Radek",absent
8-31,"Šnajdr, Radek",absent
8-32,"Šnajdr, Radek",absent
8-33,"Šnajdr, Radek",absent
8-34,"Šnajdr, Radek",absent
8-35,"Šnajdr, Radek",absent
8-36,"Šnajdr, Radek",absent
8-37,"Šnajdr, Radek",absent
8-38,"Šnajdr, Radek",absent
8-39,"Šnajdr, Radek",absent
8-40,"Šnajdr, Radek",absent
8-41,"Šnajdr, Radek",absent
9-1,"Šnajdr, Radek",for
9-2,"Šnajdr, Radek",for
9-3,"Šnajdr, Radek",for
9-4,"Šnajdr, Radek",for
9-5,"Šnajdr, Radek",for
9-6,"Šnajdr, Radek",for
9-7,"Šnajdr, Radek",for
9-8,"Šnajdr, Radek",for
9-9,"Šnajdr, Radek",abstain
9-10,"Šnajdr, Radek",for
9-11,"Šnajdr, Radek",for
9-12,"Šnajdr, Radek",for
9-13,"Šnajdr, Radek",for
9-14,"Šnajdr, Radek",for
9-15,"Šnajdr, Radek",for
9-16,"Šnajdr, Radek",for
9-17,"Šnajdr, Radek",for
9-18,"Šnajdr, Radek",for
9-19,"Šnajdr, Radek",for
9-20,"Šnajdr, Radek",for
9-21,"Šnajdr, Radek",for
9-22,"Šnajdr, Radek",for
9-23,"Šnajdr, Radek",for
9-24,"Šnajdr, Radek",for
9-25,"Šnajdr, Radek",for
9-26,"Šnajdr, Radek",for
9-27,"Šnajdr, Radek",not voting
9-28,"Šnajdr, Radek",for
9-29,"Šnajdr, Radek",for
9-30,"Šnajdr, Radek",for
9-31,"Šnajdr, Radek",for
9-32,"Šnajdr, Radek",for
9-33,"Šnajdr, Radek",for
9-34,"Šnajdr, Radek",for
9-35,"Šnajdr, Radek",for
9-36,"Šnajdr, Radek",for
9-37,"Šnajdr, Radek",for
9-38,"Šnajdr, Radek",for
10-1,"Šnajdr, Radek",for
10-2,"Šnajdr, Radek",for
10-3,"Šnajdr, Radek",for
10-4,"Šnajdr, Radek",for
10-5,"Šnajdr, Radek",for
10-6,"Šnajdr, Radek",for
10-7,"Šnajdr, Radek",abstain
10-8,"Šnajdr, Radek",for
10-9,"Šnajdr, Radek",for
10-10,"Šnajdr, Radek",for
10-11,"Šnajdr, Radek",for
10-12,"Šnajdr, Radek",for
10-13,"Šnajdr, Radek",for
10-14,"Šnajdr, Radek",for
10-15,"Šnajdr, Radek",abstain
10-16,"Šnajdr, Radek",for
11-1,"Šnajdr, Radek",for
11-2,"Šnajdr, Radek",for
11-3,"Šnajdr, Radek",for
11-4,"Šnajdr, Radek",for
11-5,"Šnajdr, Radek",for
11-6,"Šnajdr, Radek",for
11-7,"Šnajdr, Radek",abstain
11-8,"Šnajdr, Radek",for
11-9,"Šnajdr, Radek",for
11-10,"Šnajdr, Radek",for
11-11,"Šnajdr, Radek",abstain
11-12,"Šnajdr, Radek",for
11-13,"Šnajdr, Radek",for
11-14,"Šnajdr, Radek",abstain
11-15,"Šnajdr, Radek",for
11-16,"Šnajdr, Radek",for
8-1,"Tobrman, Oldøich",for
8-2,"Tobrman, Oldøich",for
8-3,"Tobrman, Oldøich",for
8-4,"Tobrman, Oldøich",for
8-5,"Tobrman, Oldøich",for
8-6,"Tobrman, Oldøich",for
8-7,"Tobrman, Oldøich",for
8-8,"Tobrman, Oldøich",for
8-9,"Tobrman, Oldøich",for
8-10,"Tobrman, Oldøich",for
8-11,"Tobrman, Oldøich",for
8-12,"Tobrman, Oldøich",for
8-13,"Tobrman, Oldøich",for
8-14,"Tobrman, Oldøich",for
8-15,"Tobrman, Oldøich",for
8-16,"Tobrman, Oldøich",for
8-17,"Tobrman, Oldøich",abstain
8-18,"Tobrman, Oldøich",for
8-19,"Tobrman, Oldøich",for
8-20,"Tobrman, Oldøich",for
8-21,"Tobrman, Oldøich",for
8-22,"Tobrman, Oldøich",for
8-23,"Tobrman, Oldøich",for
8-24,"Tobrman, Oldøich",for
8-25,"Tobrman, Oldøich",for
8-26,"Tobrman, Oldøich",for
8-27,"Tobrman, Oldøich",for
8-28,"Tobrman, Oldøich",for
8-29,"Tobrman, Oldøich",for
8-30,"Tobrman, Oldøich",for
8-31,"Tobrman, Oldøich",for
8-32,"Tobrman, Oldøich",abstain
8-33,"Tobrman, Oldøich",for
8-34,"Tobrman, Oldøich",for
8-35,"Tobrman, Oldøich",for
8-36,"Tobrman, Oldøich",for
8-37,"Tobrman, Oldøich",abstain
8-38,"Tobrman, Oldøich",for
8-39,"Tobrman, Oldøich",for
8-40,"Tobrman, Oldøich",abstain
8-41,"Tobrman, Oldøich",abstain
9-1,"Tobrman, Oldøich",for
9-2,"Tobrman, Oldøich",for
9-3,"Tobrman, Oldøich",for
9-4,"Tobrman, Oldøich",for
9-5,"Tobrman, Oldøich",for
9-6,"Tobrman, Oldøich",for
9-7,"Tobrman, Oldøich",for
9-8,"Tobrman, Oldøich",for
9-9,"Tobrman, Oldøich",abstain
9-10,"Tobrman, Oldøich",for
9-11,"Tobrman, Oldøich",for
9-12,"Tobrman, Oldøich",for
9-13,"Tobrman, Oldøich",for
9-14,"Tobrman, Oldøich",for
9-15,"Tobrman, Oldøich",for
9-16,"Tobrman, Oldøich",for
9-17,"Tobrman, Oldøich",for
9-18,"Tobrman, Oldøich",for
9-19,"Tobrman, Oldøich",for
9-20,"Tobrman, Oldøich",for
9-21,"Tobrman, Oldøich",for
9-22,"Tobrman, Oldøich",for
9-23,"Tobrman, Oldøich",for
9-24,"Tobrman, Oldøich",for
9-25,"Tobrman, Oldøich",for
9-26,"Tobrman, Oldøich",for
9-27,"Tobrman, Oldøich",not voting
9-28,"Tobrman, Oldøich",against
9-29,"Tobrman, Oldøich",for
9-30,"Tobrman, Oldøich",for
9-31,"Tobrman, Oldøich",for
9-32,"Tobrman, Oldøich",for
9-33,"Tobrman, Oldøich",for
9-34,"Tobrman, Oldøich",for
9-35,"Tobrman, Oldøich",for
9-36,"Tobrman, Oldøich",for
9-37,"Tobrman, Oldøich",for
9-38,"Tobrman, Oldøich",for
10-1,"Tobrman, Oldøich",for
10-2,"Tobrman, Oldøich",abstain
10-3,"Tobrman, Oldøich",for
10-4,"Tobrman, Oldøich",for
10-5,"Tobrman, Oldøich",for
10-6,"Tobrman, Oldøich",for
10-7,"Tobrman, Oldøich",against
10-8,"Tobrman, Oldøich",for
10-9,"Tobrman, Oldøich",for
10-10,"Tobrman, Oldøich",for
10-11,"Tobrman, Oldøich",for
10-12,"Tobrman, Oldøich",for
10-13,"Tobrman, Oldøich",for
10-14,"Tobrman, Oldøich",for
10-15,"Tobrman, Oldøich",abstain
10-16,"Tobrman, Oldøich",for
11-1,"Tobrman, Oldøich",for
11-2,"Tobrman, Oldøich",for
11-3,"Tobrman, Oldøich",for
11-4,"Tobrman, Oldøich",for
11-5,"Tobrman, Oldøich",for
11-6,"Tobrman, Oldøich",for
11-7,"Tobrman, Oldøich",for
11-8,"Tobrman, Oldøich",for
11-9,"Tobrman, Oldøich",for
11-10,"Tobrman, Oldøich",for
11-11,"Tobrman, Oldøich",abstain
11-12,"Tobrman, Oldøich",for
11-13,"Tobrman, Oldøich",for
11-14,"Tobrman, Oldøich",for
11-15,"Tobrman, Oldøich",for
11-16,"Tobrman, Oldøich",for
8-1,"Tøešòák, Petr",for
8-2,"Tøešòák, Petr",for
8-3,"Tøešòák, Petr",for
8-4,"Tøešòák, Petr",for
8-5,"Tøešòák, Petr",for
8-6,"Tøešòák, Petr",for
8-7,"Tøešòák, Petr",for
8-8,"Tøešòák, Petr",for
8-9,"Tøešòák, Petr",for
8-10,"Tøešòák, Petr",for
8-11,"Tøešòák, Petr",for
8-12,"Tøešòák, Petr",for
8-13,"Tøešòák, Petr",for
8-14,"Tøešòák, Petr",for
8-15,"Tøešòák, Petr",for
8-16,"Tøešòák, Petr",for
8-17,"Tøešòák, Petr",for
8-18,"Tøešòák, Petr",for
8-19,"Tøešòák, Petr",for
8-20,"Tøešòák, Petr",for
8-21,"Tøešòák, Petr",for
8-22,"Tøešòák, Petr",for
8-23,"Tøešòák, Petr",for
8-24,"Tøešòák, Petr",for
8-25,"Tøešòák, Petr",for
8-26,"Tøešòák, Petr",for
8-27,"Tøešòák, Petr",for
8-28,"Tøešòák, Petr",for
8-29,"Tøešòák, Petr",for
8-30,"Tøešòák, Petr",for
8-31,"Tøešòák, Petr",for
8-32,"Tøešòák, Petr",for
8-33,"Tøešòák, Petr",for
8-34,"Tøešòák, Petr",for
8-35,"Tøešòák, Petr",for
8-36,"Tøešòák, Petr",for
8-37,"Tøešòák, Petr",for
8-38,"Tøešòák, Petr",for
8-39,"Tøešòák, Petr",for
8-40,"Tøešòák, Petr",for
8-41,"Tøešòák, Petr",not voting
9-1,"Tøešòák, Petr",for
9-2,"Tøešòák, Petr",for
9-3,"Tøešòák, Petr",for
9-4,"Tøešòák, Petr",for
9-5,"Tøešòák, Petr",for
9-6,"Tøešòák, Petr",for
9-7,"Tøešòák, Petr",for
9-8,"Tøešòák, Petr",for
9-9,"Tøešòák, Petr",for
9-10,"Tøešòák, Petr",for
9-11,"Tøešòák, Petr",for
9-12,"Tøešòák, Petr",for
9-13,"Tøešòák, Petr",for
9-14,"Tøešòák, Petr",for
9-15,"Tøešòák, Petr",for
9-16,"Tøešòák, Petr",for
9-17,"Tøešòák, Petr",for
9-18,"Tøešòák, Petr",for
9-19,"Tøešòák, Petr",for
9-20,"Tøešòák, Petr",for
9-21,"Tøešòák, Petr",for
9-22,"Tøešòák, Petr",for
9-23,"Tøešòák, Petr",for
9-24,"Tøešòák, Petr",for
9-25,"Tøešòák, Petr",for
9-26,"Tøešòák, Petr",for
9-27,"Tøešòák, Petr",for
9-28,"Tøešòák, Petr",for
9-29,"Tøešòák, Petr",for
9-30,"Tøešòák, Petr",for
9-31,"Tøešòák, Petr",for
9-32,"Tøešòák, Petr",for
9-33,"Tøešòák, Petr",for
9-34,"Tøešòák, Petr",for
9-35,"Tøešòák, Petr",for
9-36,"Tøešòák, Petr",for
9-37,"Tøešòák, Petr",for
9-38,"Tøešòák, Petr",for
10-1,"Tøešòák, Petr",for
10-2,"Tøešòák, Petr",for
10-3,"Tøešòák, Petr",for
10-4,"Tøešòák, Petr",for
10-5,"Tøešòák, Petr",for
10-6,"Tøešòák, Petr",for
10-7,"Tøešòák, Petr",for
10-8,"Tøešòák, Petr",for
10-9,"Tøešòák, Petr",for
10-10,"Tøešòák, Petr",for
10-11,"Tøešòák, Petr",for
10-12,"Tøešòák, Petr",for
10-13,"Tøešòák, Petr",for
10-14,"Tøešòák, Petr",for
10-15,"Tøešòák, Petr",for
10-16,"Tøešòák, Petr",for
11-1,"Tøešòák, Petr",for
11-2,"Tøešòák, Petr",for
11-3,"Tøešòák, Petr",for
11-4,"Tøešòák, Petr",for
11-5,"Tøešòák, Petr",for
11-6,"Tøešòák, Petr",for
11-7,"Tøešòák, Petr",for
11-8,"Tøešòák, Petr",for
11-9,"Tøešòák, Petr",for
11-10,"Tøešòák, Petr",for
11-11,"Tøešòák, Petr",for
11-12,"Tøešòák, Petr",for
11-13,"Tøešòák, Petr",for
11-14,"Tøešòák, Petr",for
11-15,"Tøešòák, Petr",for
11-16,"Tøešòák, Petr",for
8-1,"Tøešòák, Zdenìk",for
8-2,"Tøešòák, Zdenìk",not voting
8-3,"Tøešòák, Zdenìk",for
8-4,"Tøešòák, Zdenìk",for
8-5,"Tøešòák, Zdenìk",for
8-6,"Tøešòák, Zdenìk",for
8-7,"Tøešòák, Zdenìk",for
8-8,"Tøešòák, Zdenìk",for
8-9,"Tøešòák, Zdenìk",for
8-10,"Tøešòák, Zdenìk",for
8-11,"Tøešòák, Zdenìk",for
8-12,"Tøešòák, Zdenìk",for
8-13,"Tøešòák, Zdenìk",for
8-14,"Tøešòák, Zdenìk",for
8-15,"Tøešòák, Zdenìk",for
8-16,"Tøešòák, Zdenìk",for
8-17,"Tøešòák, Zdenìk",for
8-18,"Tøešòák, Zdenìk",for
8-19,"Tøešòák, Zdenìk",for
8-20,"Tøešòák, Zdenìk",for
8-21,"Tøešòák, Zdenìk",for
8-22,"Tøešòák, Zdenìk",for
8-23,"Tøešòák, Zdenìk",for
8-24,"Tøešòák, Zdenìk",for
8-25,"Tøešòák, Zdenìk",for
8-26,"Tøešòák, Zdenìk",for
8-27,"Tøešòák, Zdenìk",for
8-28,"Tøešòák, Zdenìk",for
8-29,"Tøešòák, Zdenìk",for
8-30,"Tøešòák, Zdenìk",for
8-31,"Tøešòák, Zdenìk",for
8-32,"Tøešòák, Zdenìk",for
8-33,"Tøešòák, Zdenìk",for
8-34,"Tøešòák, Zdenìk",for
8-35,"Tøešòák, Zdenìk",for
8-36,"Tøešòák, Zdenìk",for
8-37,"Tøešòák, Zdenìk",for
8-38,"Tøešòák, Zdenìk",for
8-39,"Tøešòák, Zdenìk",for
8-40,"Tøešòák, Zdenìk",for
8-41,"Tøešòák, Zdenìk",for
9-1,"Tøešòák, Zdenìk",for
9-2,"Tøešòák, Zdenìk",for
9-3,"Tøešòák, Zdenìk",for
9-4,"Tøešòák, Zdenìk",for
9-5,"Tøešòák, Zdenìk",for
9-6,"Tøešòák, Zdenìk",for
9-7,"Tøešòák, Zdenìk",for
9-8,"Tøešòák, Zdenìk",for
9-9,"Tøešòák, Zdenìk",for
9-10,"Tøešòák, Zdenìk",for
9-11,"Tøešòák, Zdenìk",for
9-12,"Tøešòák, Zdenìk",for
9-13,"Tøešòák, Zdenìk",for
9-14,"Tøešòák, Zdenìk",for
9-15,"Tøešòák, Zdenìk",for
9-16,"Tøešòák, Zdenìk",for
9-17,"Tøešòák, Zdenìk",for
9-18,"Tøešòák, Zdenìk",for
9-19,"Tøešòák, Zdenìk",for
9-20,"Tøešòák, Zdenìk",for
9-21,"Tøešòák, Zdenìk",for
9-22,"Tøešòák, Zdenìk",for
9-23,"Tøešòák, Zdenìk",for
9-24,"Tøešòák, Zdenìk",for
9-25,"Tøešòák, Zdenìk",for
9-26,"Tøešòák, Zdenìk",for
9-27,"Tøešòák, Zdenìk",for
9-28,"Tøešòák, Zdenìk",for
9-29,"Tøešòák, Zdenìk",for
9-30,"Tøešòák, Zdenìk",for
9-31,"Tøešòák, Zdenìk",for
9-32,"Tøešòák, Zdenìk",for
9-33,"Tøešòák, Zdenìk",for
9-34,"Tøešòák, Zdenìk",for
9-35,"Tøešòák, Zdenìk",for
9-36,"Tøešòák, Zdenìk",for
9-37,"Tøešòák, Zdenìk",for
9-38,"Tøešòák, Zdenìk",for
10-1,"Tøešòák, Zdenìk",for
10-2,"Tøešòák, Zdenìk",for
10-3,"Tøešòák, Zdenìk",for
10-4,"Tøešòák, Zdenìk",for
10-5,"Tøešòák, Zdenìk",for
10-6,"Tøešòák, Zdenìk",for
10-7,"Tøešòák, Zdenìk",for
10-8,"Tøešòák, Zdenìk",for
10-9,"Tøešòák, Zdenìk",for
10-10,"Tøešòák, Zdenìk",for
10-11,"Tøešòák, Zdenìk",for
10-12,"Tøešòák, Zdenìk",for
10-13,"Tøešòák, Zdenìk",for
10-14,"Tøešòák, Zdenìk",for
10-15,"Tøešòák, Zdenìk",for
10-16,"Tøešòák, Zdenìk",for
11-1,"Tøešòák, Zdenìk",for
11-2,"Tøešòák, Zdenìk",for
11-3,"Tøešòák, Zdenìk",for
11-4,"Tøešòák, Zdenìk",for
11-5,"Tøešòák, Zdenìk",for
11-6,"Tøešòák, Zdenìk",for
11-7,"Tøešòák, Zdenìk",for
11-8,"Tøešòák, Zdenìk",for
11-9,"Tøešòák, Zdenìk",for
11-10,"Tøešòák, Zdenìk",for
11-11,"Tøešòák, Zdenìk",for
11-12,"Tøešòák, Zdenìk",for
11-13,"Tøešòák, Zdenìk",for
11-14,"Tøešòák, Zdenìk",for
11-15,"Tøešòák, Zdenìk",for
11-16,"Tøešòák, Zdenìk",for
